id,title,description,published,createdAt,updatedAt
1000,Title1000,Description1000,f,2022-06-14 00:00:00.000+00,2022-06-14 00:00:00.000+00
1001,Title1001,Description1001,f,2022-06-14 00:00:00.000+00,2022-06-14 00:00:00.000+00
1002,Title1002,Description1002,f,2022-06-14 00:00:00.000+00,2022-06-14 00:00:00.000+00
1003,Title1003,Description1003,f,2022-06-14 00:00:00.000+00,2022-06-14 00:00:00.000+00
1004,Title1004,Description1004,f,2022-06-14 00:00:00.000+00,2022-06-14 00:00:00.000+00
1005,Title1005,Description1005,f,2022-06-14 00:00:00.000+00,2022-06-14 00:00:00.000+00
1006,Title1006,Description1006,f,2022-06-14 00:00:00.000+00,2022-06-14 00:00:00.000+00
1007,Title1007,Description1007,f,2022-06-14 00:00:00.000+00,2022-06-14 00:00:00.000+00
1008,Title1008,Description1008,f,2022-06-14 00:00:00.000+00,2022-06-14 00:00:00.000+00
1009,Title1009,Description1009,f,2022-06-14 00:00:00.000+00,2022-06-14 00:00:00.000+00
1010,Title1010,Description1010,f,2022-06-14 00:00:00.000+00,2022-06-14 00:00:00.000+00
1011,Title1011,Description1011,f,2022-06-14 00:00:00.000+00,2022-06-14 00:00:00.000+00
1012,Title1012,Description1012,f,2022-06-14 00:00:00.000+00,2022-06-14 00:00:00.000+00
1013,Title1013,Description1013,f,2022-06-14 00:00:00.000+00,2022-06-14 00:00:00.000+00
1014,Title1014,Description1014,f,2022-06-14 00:00:00.000+00,2022-06-14 00:00:00.000+00
1015,Title1015,Description1015,f,2022-06-14 00:00:00.000+00,2022-06-14 00:00:00.000+00
1016,Title1016,Description1016,f,2022-06-14 00:00:00.000+00,2022-06-14 00:00:00.000+00
1017,Title1017,Description1017,f,2022-06-14 00:00:00.000+00,2022-06-14 00:00:00.000+00
1018,Title1018,Description1018,f,2022-06-14 00:00:00.000+00,2022-06-14 00:00:00.000+00
1019,Title1019,Description1019,f,2022-06-14 00:00:00.000+00,2022-06-14 00:00:00.000+00
1020,Title1020,Description1020,f,2022-06-14 00:00:00.000+00,2022-06-14 00:00:00.000+00
1021,Title1021,Description1021,f,2022-06-14 00:00:00.000+00,2022-06-14 00:00:00.000+00
1022,Title1022,Description1022,f,2022-06-14 00:00:00.000+00,2022-06-14 00:00:00.000+00
1023,Title1023,Description1023,f,2022-06-14 00:00:00.000+00,2022-06-14 00:00:00.000+00
1024,Title1024,Description1024,f,2022-06-14 00:00:00.000+00,2022-06-14 00:00:00.000+00
1025,Title1025,Description1025,f,2022-06-14 00:00:00.000+00,2022-06-14 00:00:00.000+00
1026,Title1026,Description1026,f,2022-06-14 00:00:00.000+00,2022-06-14 00:00:00.000+00
1027,Title1027,Description1027,f,2022-06-14 00:00:00.000+00,2022-06-14 00:00:00.000+00
1028,Title1028,Description1028,f,2022-06-14 00:00:00.000+00,2022-06-14 00:00:00.000+00
1029,Title1029,Description1029,f,2022-06-14 00:00:00.000+00,2022-06-14 00:00:00.000+00
1030,Title1030,Description1030,f,2022-06-14 00:00:00.000+00,2022-06-14 00:00:00.000+00
1031,Title1031,Description1031,f,2022-06-14 00:00:00.000+00,2022-06-14 00:00:00.000+00
1032,Title1032,Description1032,f,2022-06-14 00:00:00.000+00,2022-06-14 00:00:00.000+00
1033,Title1033,Description1033,f,2022-06-14 00:00:00.000+00,2022-06-14 00:00:00.000+00
1034,Title1034,Description1034,f,2022-06-14 00:00:00.000+00,2022-06-14 00:00:00.000+00
1035,Title1035,Description1035,f,2022-06-14 00:00:00.000+00,2022-06-14 00:00:00.000+00
1036,Title1036,Description1036,f,2022-06-14 00:00:00.000+00,2022-06-14 00:00:00.000+00
1037,Title1037,Description1037,f,2022-06-14 00:00:00.000+00,2022-06-14 00:00:00.000+00
1038,Title1038,Description1038,f,2022-06-14 00:00:00.000+00,2022-06-14 00:00:00.000+00
1039,Title1039,Description1039,f,2022-06-14 00:00:00.000+00,2022-06-14 00:00:00.000+00
1040,Title1040,Description1040,f,2022-06-14 00:00:00.000+00,2022-06-14 00:00:00.000+00
1041,Title1041,Description1041,f,2022-06-14 00:00:00.000+00,2022-06-14 00:00:00.000+00
1042,Title1042,Description1042,f,2022-06-14 00:00:00.000+00,2022-06-14 00:00:00.000+00
1043,Title1043,Description1043,f,2022-06-14 00:00:00.000+00,2022-06-14 00:00:00.000+00
1044,Title1044,Description1044,f,2022-06-14 00:00:00.000+00,2022-06-14 00:00:00.000+00
1045,Title1045,Description1045,f,2022-06-14 00:00:00.000+00,2022-06-14 00:00:00.000+00
1046,Title1046,Description1046,f,2022-06-14 00:00:00.000+00,2022-06-14 00:00:00.000+00
1047,Title1047,Description1047,f,2022-06-14 00:00:00.000+00,2022-06-14 00:00:00.000+00
1048,Title1048,Description1048,f,2022-06-14 00:00:00.000+00,2022-06-14 00:00:00.000+00
1049,Title1049,Description1049,f,2022-06-14 00:00:00.000+00,2022-06-14 00:00:00.000+00
1050,Title1050,Description1050,f,2022-06-14 00:00:00.000+00,2022-06-14 00:00:00.000+00
1051,Title1051,Description1051,f,2022-06-14 00:00:00.000+00,2022-06-14 00:00:00.000+00
1052,Title1052,Description1052,f,2022-06-14 00:00:00.000+00,2022-06-14 00:00:00.000+00
1053,Title1053,Description1053,f,2022-06-14 00:00:00.000+00,2022-06-14 00:00:00.000+00
1054,Title1054,Description1054,f,2022-06-14 00:00:00.000+00,2022-06-14 00:00:00.000+00
1055,Title1055,Description1055,f,2022-06-14 00:00:00.000+00,2022-06-14 00:00:00.000+00
1056,Title1056,Description1056,f,2022-06-14 00:00:00.000+00,2022-06-14 00:00:00.000+00
1057,Title1057,Description1057,f,2022-06-14 00:00:00.000+00,2022-06-14 00:00:00.000+00
1058,Title1058,Description1058,f,2022-06-14 00:00:00.000+00,2022-06-14 00:00:00.000+00
1059,Title1059,Description1059,f,2022-06-14 00:00:00.000+00,2022-06-14 00:00:00.000+00
1060,Title1060,Description1060,f,2022-06-14 00:00:00.000+00,2022-06-14 00:00:00.000+00
1061,Title1061,Description1061,f,2022-06-14 00:00:00.000+00,2022-06-14 00:00:00.000+00
1062,Title1062,Description1062,f,2022-06-14 00:00:00.000+00,2022-06-14 00:00:00.000+00
1063,Title1063,Description1063,f,2022-06-14 00:00:00.000+00,2022-06-14 00:00:00.000+00
1064,Title1064,Description1064,f,2022-06-14 00:00:00.000+00,2022-06-14 00:00:00.000+00
1065,Title1065,Description1065,f,2022-06-14 00:00:00.000+00,2022-06-14 00:00:00.000+00
1066,Title1066,Description1066,f,2022-06-14 00:00:00.000+00,2022-06-14 00:00:00.000+00
1067,Title1067,Description1067,f,2022-06-14 00:00:00.000+00,2022-06-14 00:00:00.000+00
1068,Title1068,Description1068,f,2022-06-14 00:00:00.000+00,2022-06-14 00:00:00.000+00
1069,Title1069,Description1069,f,2022-06-14 00:00:00.000+00,2022-06-14 00:00:00.000+00
1070,Title1070,Description1070,f,2022-06-14 00:00:00.000+00,2022-06-14 00:00:00.000+00
1071,Title1071,Description1071,f,2022-06-14 00:00:00.000+00,2022-06-14 00:00:00.000+00
1072,Title1072,Description1072,f,2022-06-14 00:00:00.000+00,2022-06-14 00:00:00.000+00
1073,Title1073,Description1073,f,2022-06-14 00:00:00.000+00,2022-06-14 00:00:00.000+00
1074,Title1074,Description1074,f,2022-06-14 00:00:00.000+00,2022-06-14 00:00:00.000+00
1075,Title1075,Description1075,f,2022-06-14 00:00:00.000+00,2022-06-14 00:00:00.000+00
1076,Title1076,Description1076,f,2022-06-14 00:00:00.000+00,2022-06-14 00:00:00.000+00
1077,Title1077,Description1077,f,2022-06-14 00:00:00.000+00,2022-06-14 00:00:00.000+00
1078,Title1078,Description1078,f,2022-06-14 00:00:00.000+00,2022-06-14 00:00:00.000+00
1079,Title1079,Description1079,f,2022-06-14 00:00:00.000+00,2022-06-14 00:00:00.000+00
1080,Title1080,Description1080,f,2022-06-14 00:00:00.000+00,2022-06-14 00:00:00.000+00
1081,Title1081,Description1081,f,2022-06-14 00:00:00.000+00,2022-06-14 00:00:00.000+00
1082,Title1082,Description1082,f,2022-06-14 00:00:00.000+00,2022-06-14 00:00:00.000+00
1083,Title1083,Description1083,f,2022-06-14 00:00:00.000+00,2022-06-14 00:00:00.000+00
1084,Title1084,Description1084,f,2022-06-14 00:00:00.000+00,2022-06-14 00:00:00.000+00
1085,Title1085,Description1085,f,2022-06-14 00:00:00.000+00,2022-06-14 00:00:00.000+00
1086,Title1086,Description1086,f,2022-06-14 00:00:00.000+00,2022-06-14 00:00:00.000+00
1087,Title1087,Description1087,f,2022-06-14 00:00:00.000+00,2022-06-14 00:00:00.000+00
1088,Title1088,Description1088,f,2022-06-14 00:00:00.000+00,2022-06-14 00:00:00.000+00
1089,Title1089,Description1089,f,2022-06-14 00:00:00.000+00,2022-06-14 00:00:00.000+00
1090,Title1090,Description1090,f,2022-06-14 00:00:00.000+00,2022-06-14 00:00:00.000+00
1091,Title1091,Description1091,f,2022-06-14 00:00:00.000+00,2022-06-14 00:00:00.000+00
1092,Title1092,Description1092,f,2022-06-14 00:00:00.000+00,2022-06-14 00:00:00.000+00
1093,Title1093,Description1093,f,2022-06-14 00:00:00.000+00,2022-06-14 00:00:00.000+00
1094,Title1094,Description1094,f,2022-06-14 00:00:00.000+00,2022-06-14 00:00:00.000+00
1095,Title1095,Description1095,f,2022-06-14 00:00:00.000+00,2022-06-14 00:00:00.000+00
1096,Title1096,Description1096,f,2022-06-14 00:00:00.000+00,2022-06-14 00:00:00.000+00
1097,Title1097,Description1097,f,2022-06-14 00:00:00.000+00,2022-06-14 00:00:00.000+00
1098,Title1098,Description1098,f,2022-06-14 00:00:00.000+00,2022-06-14 00:00:00.000+00
1099,Title1099,Description1099,f,2022-06-14 00:00:00.000+00,2022-06-14 00:00:00.000+00
1100,Title1100,Description1100,f,2022-06-14 00:00:00.000+00,2022-06-14 00:00:00.000+00
1101,Title1101,Description1101,f,2022-06-14 00:00:00.000+00,2022-06-14 00:00:00.000+00
1102,Title1102,Description1102,f,2022-06-14 00:00:00.000+00,2022-06-14 00:00:00.000+00
1103,Title1103,Description1103,f,2022-06-14 00:00:00.000+00,2022-06-14 00:00:00.000+00
1104,Title1104,Description1104,f,2022-06-14 00:00:00.000+00,2022-06-14 00:00:00.000+00
1105,Title1105,Description1105,f,2022-06-14 00:00:00.000+00,2022-06-14 00:00:00.000+00
1106,Title1106,Description1106,f,2022-06-14 00:00:00.000+00,2022-06-14 00:00:00.000+00
1107,Title1107,Description1107,f,2022-06-14 00:00:00.000+00,2022-06-14 00:00:00.000+00
1108,Title1108,Description1108,f,2022-06-14 00:00:00.000+00,2022-06-14 00:00:00.000+00
1109,Title1109,Description1109,f,2022-06-14 00:00:00.000+00,2022-06-14 00:00:00.000+00
1110,Title1110,Description1110,f,2022-06-14 00:00:00.000+00,2022-06-14 00:00:00.000+00
1111,Title1111,Description1111,f,2022-06-14 00:00:00.000+00,2022-06-14 00:00:00.000+00
1112,Title1112,Description1112,f,2022-06-14 00:00:00.000+00,2022-06-14 00:00:00.000+00
1113,Title1113,Description1113,f,2022-06-14 00:00:00.000+00,2022-06-14 00:00:00.000+00
1114,Title1114,Description1114,f,2022-06-14 00:00:00.000+00,2022-06-14 00:00:00.000+00
1115,Title1115,Description1115,f,2022-06-14 00:00:00.000+00,2022-06-14 00:00:00.000+00
1116,Title1116,Description1116,f,2022-06-14 00:00:00.000+00,2022-06-14 00:00:00.000+00
1117,Title1117,Description1117,f,2022-06-14 00:00:00.000+00,2022-06-14 00:00:00.000+00
1118,Title1118,Description1118,f,2022-06-14 00:00:00.000+00,2022-06-14 00:00:00.000+00
1119,Title1119,Description1119,f,2022-06-14 00:00:00.000+00,2022-06-14 00:00:00.000+00
1120,Title1120,Description1120,f,2022-06-14 00:00:00.000+00,2022-06-14 00:00:00.000+00
1121,Title1121,Description1121,f,2022-06-14 00:00:00.000+00,2022-06-14 00:00:00.000+00
1122,Title1122,Description1122,f,2022-06-14 00:00:00.000+00,2022-06-14 00:00:00.000+00
1123,Title1123,Description1123,f,2022-06-14 00:00:00.000+00,2022-06-14 00:00:00.000+00
1124,Title1124,Description1124,f,2022-06-14 00:00:00.000+00,2022-06-14 00:00:00.000+00
1125,Title1125,Description1125,f,2022-06-14 00:00:00.000+00,2022-06-14 00:00:00.000+00
1126,Title1126,Description1126,f,2022-06-14 00:00:00.000+00,2022-06-14 00:00:00.000+00
1127,Title1127,Description1127,f,2022-06-14 00:00:00.000+00,2022-06-14 00:00:00.000+00
1128,Title1128,Description1128,f,2022-06-14 00:00:00.000+00,2022-06-14 00:00:00.000+00
1129,Title1129,Description1129,f,2022-06-14 00:00:00.000+00,2022-06-14 00:00:00.000+00
1130,Title1130,Description1130,f,2022-06-14 00:00:00.000+00,2022-06-14 00:00:00.000+00
1131,Title1131,Description1131,f,2022-06-14 00:00:00.000+00,2022-06-14 00:00:00.000+00
1132,Title1132,Description1132,f,2022-06-14 00:00:00.000+00,2022-06-14 00:00:00.000+00
1133,Title1133,Description1133,f,2022-06-14 00:00:00.000+00,2022-06-14 00:00:00.000+00
1134,Title1134,Description1134,f,2022-06-14 00:00:00.000+00,2022-06-14 00:00:00.000+00
1135,Title1135,Description1135,f,2022-06-14 00:00:00.000+00,2022-06-14 00:00:00.000+00
1136,Title1136,Description1136,f,2022-06-14 00:00:00.000+00,2022-06-14 00:00:00.000+00
1137,Title1137,Description1137,f,2022-06-14 00:00:00.000+00,2022-06-14 00:00:00.000+00
1138,Title1138,Description1138,f,2022-06-14 00:00:00.000+00,2022-06-14 00:00:00.000+00
1139,Title1139,Description1139,f,2022-06-14 00:00:00.000+00,2022-06-14 00:00:00.000+00
1140,Title1140,Description1140,f,2022-06-14 00:00:00.000+00,2022-06-14 00:00:00.000+00
1141,Title1141,Description1141,f,2022-06-14 00:00:00.000+00,2022-06-14 00:00:00.000+00
1142,Title1142,Description1142,f,2022-06-14 00:00:00.000+00,2022-06-14 00:00:00.000+00
1143,Title1143,Description1143,f,2022-06-14 00:00:00.000+00,2022-06-14 00:00:00.000+00
1144,Title1144,Description1144,f,2022-06-14 00:00:00.000+00,2022-06-14 00:00:00.000+00
1145,Title1145,Description1145,f,2022-06-14 00:00:00.000+00,2022-06-14 00:00:00.000+00
1146,Title1146,Description1146,f,2022-06-14 00:00:00.000+00,2022-06-14 00:00:00.000+00
1147,Title1147,Description1147,f,2022-06-14 00:00:00.000+00,2022-06-14 00:00:00.000+00
1148,Title1148,Description1148,f,2022-06-14 00:00:00.000+00,2022-06-14 00:00:00.000+00
1149,Title1149,Description1149,f,2022-06-14 00:00:00.000+00,2022-06-14 00:00:00.000+00
1150,Title1150,Description1150,f,2022-06-14 00:00:00.000+00,2022-06-14 00:00:00.000+00
1151,Title1151,Description1151,f,2022-06-14 00:00:00.000+00,2022-06-14 00:00:00.000+00
1152,Title1152,Description1152,f,2022-06-14 00:00:00.000+00,2022-06-14 00:00:00.000+00
1153,Title1153,Description1153,f,2022-06-14 00:00:00.000+00,2022-06-14 00:00:00.000+00
1154,Title1154,Description1154,f,2022-06-14 00:00:00.000+00,2022-06-14 00:00:00.000+00
1155,Title1155,Description1155,f,2022-06-14 00:00:00.000+00,2022-06-14 00:00:00.000+00
1156,Title1156,Description1156,f,2022-06-14 00:00:00.000+00,2022-06-14 00:00:00.000+00
1157,Title1157,Description1157,f,2022-06-14 00:00:00.000+00,2022-06-14 00:00:00.000+00
1158,Title1158,Description1158,f,2022-06-14 00:00:00.000+00,2022-06-14 00:00:00.000+00
1159,Title1159,Description1159,f,2022-06-14 00:00:00.000+00,2022-06-14 00:00:00.000+00
1160,Title1160,Description1160,f,2022-06-14 00:00:00.000+00,2022-06-14 00:00:00.000+00
1161,Title1161,Description1161,f,2022-06-14 00:00:00.000+00,2022-06-14 00:00:00.000+00
1162,Title1162,Description1162,f,2022-06-14 00:00:00.000+00,2022-06-14 00:00:00.000+00
1163,Title1163,Description1163,f,2022-06-14 00:00:00.000+00,2022-06-14 00:00:00.000+00
1164,Title1164,Description1164,f,2022-06-14 00:00:00.000+00,2022-06-14 00:00:00.000+00
1165,Title1165,Description1165,f,2022-06-14 00:00:00.000+00,2022-06-14 00:00:00.000+00
1166,Title1166,Description1166,f,2022-06-14 00:00:00.000+00,2022-06-14 00:00:00.000+00
1167,Title1167,Description1167,f,2022-06-14 00:00:00.000+00,2022-06-14 00:00:00.000+00
1168,Title1168,Description1168,f,2022-06-14 00:00:00.000+00,2022-06-14 00:00:00.000+00
1169,Title1169,Description1169,f,2022-06-14 00:00:00.000+00,2022-06-14 00:00:00.000+00
1170,Title1170,Description1170,f,2022-06-14 00:00:00.000+00,2022-06-14 00:00:00.000+00
1171,Title1171,Description1171,f,2022-06-14 00:00:00.000+00,2022-06-14 00:00:00.000+00
1172,Title1172,Description1172,f,2022-06-14 00:00:00.000+00,2022-06-14 00:00:00.000+00
1173,Title1173,Description1173,f,2022-06-14 00:00:00.000+00,2022-06-14 00:00:00.000+00
1174,Title1174,Description1174,f,2022-06-14 00:00:00.000+00,2022-06-14 00:00:00.000+00
1175,Title1175,Description1175,f,2022-06-14 00:00:00.000+00,2022-06-14 00:00:00.000+00
1176,Title1176,Description1176,f,2022-06-14 00:00:00.000+00,2022-06-14 00:00:00.000+00
1177,Title1177,Description1177,f,2022-06-14 00:00:00.000+00,2022-06-14 00:00:00.000+00
1178,Title1178,Description1178,f,2022-06-14 00:00:00.000+00,2022-06-14 00:00:00.000+00
1179,Title1179,Description1179,f,2022-06-14 00:00:00.000+00,2022-06-14 00:00:00.000+00
1180,Title1180,Description1180,f,2022-06-14 00:00:00.000+00,2022-06-14 00:00:00.000+00
1181,Title1181,Description1181,f,2022-06-14 00:00:00.000+00,2022-06-14 00:00:00.000+00
1182,Title1182,Description1182,f,2022-06-14 00:00:00.000+00,2022-06-14 00:00:00.000+00
1183,Title1183,Description1183,f,2022-06-14 00:00:00.000+00,2022-06-14 00:00:00.000+00
1184,Title1184,Description1184,f,2022-06-14 00:00:00.000+00,2022-06-14 00:00:00.000+00
1185,Title1185,Description1185,f,2022-06-14 00:00:00.000+00,2022-06-14 00:00:00.000+00
1186,Title1186,Description1186,f,2022-06-14 00:00:00.000+00,2022-06-14 00:00:00.000+00
1187,Title1187,Description1187,f,2022-06-14 00:00:00.000+00,2022-06-14 00:00:00.000+00
1188,Title1188,Description1188,f,2022-06-14 00:00:00.000+00,2022-06-14 00:00:00.000+00
1189,Title1189,Description1189,f,2022-06-14 00:00:00.000+00,2022-06-14 00:00:00.000+00
1190,Title1190,Description1190,f,2022-06-14 00:00:00.000+00,2022-06-14 00:00:00.000+00
1191,Title1191,Description1191,f,2022-06-14 00:00:00.000+00,2022-06-14 00:00:00.000+00
1192,Title1192,Description1192,f,2022-06-14 00:00:00.000+00,2022-06-14 00:00:00.000+00
1193,Title1193,Description1193,f,2022-06-14 00:00:00.000+00,2022-06-14 00:00:00.000+00
1194,Title1194,Description1194,f,2022-06-14 00:00:00.000+00,2022-06-14 00:00:00.000+00
1195,Title1195,Description1195,f,2022-06-14 00:00:00.000+00,2022-06-14 00:00:00.000+00
1196,Title1196,Description1196,f,2022-06-14 00:00:00.000+00,2022-06-14 00:00:00.000+00
1197,Title1197,Description1197,f,2022-06-14 00:00:00.000+00,2022-06-14 00:00:00.000+00
1198,Title1198,Description1198,f,2022-06-14 00:00:00.000+00,2022-06-14 00:00:00.000+00
1199,Title1199,Description1199,f,2022-06-14 00:00:00.000+00,2022-06-14 00:00:00.000+00
1200,Title1200,Description1200,f,2022-06-14 00:00:00.000+00,2022-06-14 00:00:00.000+00
1201,Title1201,Description1201,f,2022-06-14 00:00:00.000+00,2022-06-14 00:00:00.000+00
1202,Title1202,Description1202,f,2022-06-14 00:00:00.000+00,2022-06-14 00:00:00.000+00
1203,Title1203,Description1203,f,2022-06-14 00:00:00.000+00,2022-06-14 00:00:00.000+00
1204,Title1204,Description1204,f,2022-06-14 00:00:00.000+00,2022-06-14 00:00:00.000+00
1205,Title1205,Description1205,f,2022-06-14 00:00:00.000+00,2022-06-14 00:00:00.000+00
1206,Title1206,Description1206,f,2022-06-14 00:00:00.000+00,2022-06-14 00:00:00.000+00
1207,Title1207,Description1207,f,2022-06-14 00:00:00.000+00,2022-06-14 00:00:00.000+00
1208,Title1208,Description1208,f,2022-06-14 00:00:00.000+00,2022-06-14 00:00:00.000+00
1209,Title1209,Description1209,f,2022-06-14 00:00:00.000+00,2022-06-14 00:00:00.000+00
1210,Title1210,Description1210,f,2022-06-14 00:00:00.000+00,2022-06-14 00:00:00.000+00
1211,Title1211,Description1211,f,2022-06-14 00:00:00.000+00,2022-06-14 00:00:00.000+00
1212,Title1212,Description1212,f,2022-06-14 00:00:00.000+00,2022-06-14 00:00:00.000+00
1213,Title1213,Description1213,f,2022-06-14 00:00:00.000+00,2022-06-14 00:00:00.000+00
1214,Title1214,Description1214,f,2022-06-14 00:00:00.000+00,2022-06-14 00:00:00.000+00
1215,Title1215,Description1215,f,2022-06-14 00:00:00.000+00,2022-06-14 00:00:00.000+00
1216,Title1216,Description1216,f,2022-06-14 00:00:00.000+00,2022-06-14 00:00:00.000+00
1217,Title1217,Description1217,f,2022-06-14 00:00:00.000+00,2022-06-14 00:00:00.000+00
1218,Title1218,Description1218,f,2022-06-14 00:00:00.000+00,2022-06-14 00:00:00.000+00
1219,Title1219,Description1219,f,2022-06-14 00:00:00.000+00,2022-06-14 00:00:00.000+00
1220,Title1220,Description1220,f,2022-06-14 00:00:00.000+00,2022-06-14 00:00:00.000+00
1221,Title1221,Description1221,f,2022-06-14 00:00:00.000+00,2022-06-14 00:00:00.000+00
1222,Title1222,Description1222,f,2022-06-14 00:00:00.000+00,2022-06-14 00:00:00.000+00
1223,Title1223,Description1223,f,2022-06-14 00:00:00.000+00,2022-06-14 00:00:00.000+00
1224,Title1224,Description1224,f,2022-06-14 00:00:00.000+00,2022-06-14 00:00:00.000+00
1225,Title1225,Description1225,f,2022-06-14 00:00:00.000+00,2022-06-14 00:00:00.000+00
1226,Title1226,Description1226,f,2022-06-14 00:00:00.000+00,2022-06-14 00:00:00.000+00
1227,Title1227,Description1227,f,2022-06-14 00:00:00.000+00,2022-06-14 00:00:00.000+00
1228,Title1228,Description1228,f,2022-06-14 00:00:00.000+00,2022-06-14 00:00:00.000+00
1229,Title1229,Description1229,f,2022-06-14 00:00:00.000+00,2022-06-14 00:00:00.000+00
1230,Title1230,Description1230,f,2022-06-14 00:00:00.000+00,2022-06-14 00:00:00.000+00
1231,Title1231,Description1231,f,2022-06-14 00:00:00.000+00,2022-06-14 00:00:00.000+00
1232,Title1232,Description1232,f,2022-06-14 00:00:00.000+00,2022-06-14 00:00:00.000+00
1233,Title1233,Description1233,f,2022-06-14 00:00:00.000+00,2022-06-14 00:00:00.000+00
1234,Title1234,Description1234,f,2022-06-14 00:00:00.000+00,2022-06-14 00:00:00.000+00
1235,Title1235,Description1235,f,2022-06-14 00:00:00.000+00,2022-06-14 00:00:00.000+00
1236,Title1236,Description1236,f,2022-06-14 00:00:00.000+00,2022-06-14 00:00:00.000+00
1237,Title1237,Description1237,f,2022-06-14 00:00:00.000+00,2022-06-14 00:00:00.000+00
1238,Title1238,Description1238,f,2022-06-14 00:00:00.000+00,2022-06-14 00:00:00.000+00
1239,Title1239,Description1239,f,2022-06-14 00:00:00.000+00,2022-06-14 00:00:00.000+00
1240,Title1240,Description1240,f,2022-06-14 00:00:00.000+00,2022-06-14 00:00:00.000+00
1241,Title1241,Description1241,f,2022-06-14 00:00:00.000+00,2022-06-14 00:00:00.000+00
1242,Title1242,Description1242,f,2022-06-14 00:00:00.000+00,2022-06-14 00:00:00.000+00
1243,Title1243,Description1243,f,2022-06-14 00:00:00.000+00,2022-06-14 00:00:00.000+00
1244,Title1244,Description1244,f,2022-06-14 00:00:00.000+00,2022-06-14 00:00:00.000+00
1245,Title1245,Description1245,f,2022-06-14 00:00:00.000+00,2022-06-14 00:00:00.000+00
1246,Title1246,Description1246,f,2022-06-14 00:00:00.000+00,2022-06-14 00:00:00.000+00
1247,Title1247,Description1247,f,2022-06-14 00:00:00.000+00,2022-06-14 00:00:00.000+00
1248,Title1248,Description1248,f,2022-06-14 00:00:00.000+00,2022-06-14 00:00:00.000+00
1249,Title1249,Description1249,f,2022-06-14 00:00:00.000+00,2022-06-14 00:00:00.000+00
1250,Title1250,Description1250,f,2022-06-14 00:00:00.000+00,2022-06-14 00:00:00.000+00
1251,Title1251,Description1251,f,2022-06-14 00:00:00.000+00,2022-06-14 00:00:00.000+00
1252,Title1252,Description1252,f,2022-06-14 00:00:00.000+00,2022-06-14 00:00:00.000+00
1253,Title1253,Description1253,f,2022-06-14 00:00:00.000+00,2022-06-14 00:00:00.000+00
1254,Title1254,Description1254,f,2022-06-14 00:00:00.000+00,2022-06-14 00:00:00.000+00
1255,Title1255,Description1255,f,2022-06-14 00:00:00.000+00,2022-06-14 00:00:00.000+00
1256,Title1256,Description1256,f,2022-06-14 00:00:00.000+00,2022-06-14 00:00:00.000+00
1257,Title1257,Description1257,f,2022-06-14 00:00:00.000+00,2022-06-14 00:00:00.000+00
1258,Title1258,Description1258,f,2022-06-14 00:00:00.000+00,2022-06-14 00:00:00.000+00
1259,Title1259,Description1259,f,2022-06-14 00:00:00.000+00,2022-06-14 00:00:00.000+00
1260,Title1260,Description1260,f,2022-06-14 00:00:00.000+00,2022-06-14 00:00:00.000+00
1261,Title1261,Description1261,f,2022-06-14 00:00:00.000+00,2022-06-14 00:00:00.000+00
1262,Title1262,Description1262,f,2022-06-14 00:00:00.000+00,2022-06-14 00:00:00.000+00
1263,Title1263,Description1263,f,2022-06-14 00:00:00.000+00,2022-06-14 00:00:00.000+00
1264,Title1264,Description1264,f,2022-06-14 00:00:00.000+00,2022-06-14 00:00:00.000+00
1265,Title1265,Description1265,f,2022-06-14 00:00:00.000+00,2022-06-14 00:00:00.000+00
1266,Title1266,Description1266,f,2022-06-14 00:00:00.000+00,2022-06-14 00:00:00.000+00
1267,Title1267,Description1267,f,2022-06-14 00:00:00.000+00,2022-06-14 00:00:00.000+00
1268,Title1268,Description1268,f,2022-06-14 00:00:00.000+00,2022-06-14 00:00:00.000+00
1269,Title1269,Description1269,f,2022-06-14 00:00:00.000+00,2022-06-14 00:00:00.000+00
1270,Title1270,Description1270,f,2022-06-14 00:00:00.000+00,2022-06-14 00:00:00.000+00
1271,Title1271,Description1271,f,2022-06-14 00:00:00.000+00,2022-06-14 00:00:00.000+00
1272,Title1272,Description1272,f,2022-06-14 00:00:00.000+00,2022-06-14 00:00:00.000+00
1273,Title1273,Description1273,f,2022-06-14 00:00:00.000+00,2022-06-14 00:00:00.000+00
1274,Title1274,Description1274,f,2022-06-14 00:00:00.000+00,2022-06-14 00:00:00.000+00
1275,Title1275,Description1275,f,2022-06-14 00:00:00.000+00,2022-06-14 00:00:00.000+00
1276,Title1276,Description1276,f,2022-06-14 00:00:00.000+00,2022-06-14 00:00:00.000+00
1277,Title1277,Description1277,f,2022-06-14 00:00:00.000+00,2022-06-14 00:00:00.000+00
1278,Title1278,Description1278,f,2022-06-14 00:00:00.000+00,2022-06-14 00:00:00.000+00
1279,Title1279,Description1279,f,2022-06-14 00:00:00.000+00,2022-06-14 00:00:00.000+00
1280,Title1280,Description1280,f,2022-06-14 00:00:00.000+00,2022-06-14 00:00:00.000+00
1281,Title1281,Description1281,f,2022-06-14 00:00:00.000+00,2022-06-14 00:00:00.000+00
1282,Title1282,Description1282,f,2022-06-14 00:00:00.000+00,2022-06-14 00:00:00.000+00
1283,Title1283,Description1283,f,2022-06-14 00:00:00.000+00,2022-06-14 00:00:00.000+00
1284,Title1284,Description1284,f,2022-06-14 00:00:00.000+00,2022-06-14 00:00:00.000+00
1285,Title1285,Description1285,f,2022-06-14 00:00:00.000+00,2022-06-14 00:00:00.000+00
1286,Title1286,Description1286,f,2022-06-14 00:00:00.000+00,2022-06-14 00:00:00.000+00
1287,Title1287,Description1287,f,2022-06-14 00:00:00.000+00,2022-06-14 00:00:00.000+00
1288,Title1288,Description1288,f,2022-06-14 00:00:00.000+00,2022-06-14 00:00:00.000+00
1289,Title1289,Description1289,f,2022-06-14 00:00:00.000+00,2022-06-14 00:00:00.000+00
1290,Title1290,Description1290,f,2022-06-14 00:00:00.000+00,2022-06-14 00:00:00.000+00
1291,Title1291,Description1291,f,2022-06-14 00:00:00.000+00,2022-06-14 00:00:00.000+00
1292,Title1292,Description1292,f,2022-06-14 00:00:00.000+00,2022-06-14 00:00:00.000+00
1293,Title1293,Description1293,f,2022-06-14 00:00:00.000+00,2022-06-14 00:00:00.000+00
1294,Title1294,Description1294,f,2022-06-14 00:00:00.000+00,2022-06-14 00:00:00.000+00
1295,Title1295,Description1295,f,2022-06-14 00:00:00.000+00,2022-06-14 00:00:00.000+00
1296,Title1296,Description1296,f,2022-06-14 00:00:00.000+00,2022-06-14 00:00:00.000+00
1297,Title1297,Description1297,f,2022-06-14 00:00:00.000+00,2022-06-14 00:00:00.000+00
1298,Title1298,Description1298,f,2022-06-14 00:00:00.000+00,2022-06-14 00:00:00.000+00
1299,Title1299,Description1299,f,2022-06-14 00:00:00.000+00,2022-06-14 00:00:00.000+00
1300,Title1300,Description1300,f,2022-06-14 00:00:00.000+00,2022-06-14 00:00:00.000+00
1301,Title1301,Description1301,f,2022-06-14 00:00:00.000+00,2022-06-14 00:00:00.000+00
1302,Title1302,Description1302,f,2022-06-14 00:00:00.000+00,2022-06-14 00:00:00.000+00
1303,Title1303,Description1303,f,2022-06-14 00:00:00.000+00,2022-06-14 00:00:00.000+00
1304,Title1304,Description1304,f,2022-06-14 00:00:00.000+00,2022-06-14 00:00:00.000+00
1305,Title1305,Description1305,f,2022-06-14 00:00:00.000+00,2022-06-14 00:00:00.000+00
1306,Title1306,Description1306,f,2022-06-14 00:00:00.000+00,2022-06-14 00:00:00.000+00
1307,Title1307,Description1307,f,2022-06-14 00:00:00.000+00,2022-06-14 00:00:00.000+00
1308,Title1308,Description1308,f,2022-06-14 00:00:00.000+00,2022-06-14 00:00:00.000+00
1309,Title1309,Description1309,f,2022-06-14 00:00:00.000+00,2022-06-14 00:00:00.000+00
1310,Title1310,Description1310,f,2022-06-14 00:00:00.000+00,2022-06-14 00:00:00.000+00
1311,Title1311,Description1311,f,2022-06-14 00:00:00.000+00,2022-06-14 00:00:00.000+00
1312,Title1312,Description1312,f,2022-06-14 00:00:00.000+00,2022-06-14 00:00:00.000+00
1313,Title1313,Description1313,f,2022-06-14 00:00:00.000+00,2022-06-14 00:00:00.000+00
1314,Title1314,Description1314,f,2022-06-14 00:00:00.000+00,2022-06-14 00:00:00.000+00
1315,Title1315,Description1315,f,2022-06-14 00:00:00.000+00,2022-06-14 00:00:00.000+00
1316,Title1316,Description1316,f,2022-06-14 00:00:00.000+00,2022-06-14 00:00:00.000+00
1317,Title1317,Description1317,f,2022-06-14 00:00:00.000+00,2022-06-14 00:00:00.000+00
1318,Title1318,Description1318,f,2022-06-14 00:00:00.000+00,2022-06-14 00:00:00.000+00
1319,Title1319,Description1319,f,2022-06-14 00:00:00.000+00,2022-06-14 00:00:00.000+00
1320,Title1320,Description1320,f,2022-06-14 00:00:00.000+00,2022-06-14 00:00:00.000+00
1321,Title1321,Description1321,f,2022-06-14 00:00:00.000+00,2022-06-14 00:00:00.000+00
1322,Title1322,Description1322,f,2022-06-14 00:00:00.000+00,2022-06-14 00:00:00.000+00
1323,Title1323,Description1323,f,2022-06-14 00:00:00.000+00,2022-06-14 00:00:00.000+00
1324,Title1324,Description1324,f,2022-06-14 00:00:00.000+00,2022-06-14 00:00:00.000+00
1325,Title1325,Description1325,f,2022-06-14 00:00:00.000+00,2022-06-14 00:00:00.000+00
1326,Title1326,Description1326,f,2022-06-14 00:00:00.000+00,2022-06-14 00:00:00.000+00
1327,Title1327,Description1327,f,2022-06-14 00:00:00.000+00,2022-06-14 00:00:00.000+00
1328,Title1328,Description1328,f,2022-06-14 00:00:00.000+00,2022-06-14 00:00:00.000+00
1329,Title1329,Description1329,f,2022-06-14 00:00:00.000+00,2022-06-14 00:00:00.000+00
1330,Title1330,Description1330,f,2022-06-14 00:00:00.000+00,2022-06-14 00:00:00.000+00
1331,Title1331,Description1331,f,2022-06-14 00:00:00.000+00,2022-06-14 00:00:00.000+00
1332,Title1332,Description1332,f,2022-06-14 00:00:00.000+00,2022-06-14 00:00:00.000+00
1333,Title1333,Description1333,f,2022-06-14 00:00:00.000+00,2022-06-14 00:00:00.000+00
1334,Title1334,Description1334,f,2022-06-14 00:00:00.000+00,2022-06-14 00:00:00.000+00
1335,Title1335,Description1335,f,2022-06-14 00:00:00.000+00,2022-06-14 00:00:00.000+00
1336,Title1336,Description1336,f,2022-06-14 00:00:00.000+00,2022-06-14 00:00:00.000+00
1337,Title1337,Description1337,f,2022-06-14 00:00:00.000+00,2022-06-14 00:00:00.000+00
1338,Title1338,Description1338,f,2022-06-14 00:00:00.000+00,2022-06-14 00:00:00.000+00
1339,Title1339,Description1339,f,2022-06-14 00:00:00.000+00,2022-06-14 00:00:00.000+00
1340,Title1340,Description1340,f,2022-06-14 00:00:00.000+00,2022-06-14 00:00:00.000+00
1341,Title1341,Description1341,f,2022-06-14 00:00:00.000+00,2022-06-14 00:00:00.000+00
1342,Title1342,Description1342,f,2022-06-14 00:00:00.000+00,2022-06-14 00:00:00.000+00
1343,Title1343,Description1343,f,2022-06-14 00:00:00.000+00,2022-06-14 00:00:00.000+00
1344,Title1344,Description1344,f,2022-06-14 00:00:00.000+00,2022-06-14 00:00:00.000+00
1345,Title1345,Description1345,f,2022-06-14 00:00:00.000+00,2022-06-14 00:00:00.000+00
1346,Title1346,Description1346,f,2022-06-14 00:00:00.000+00,2022-06-14 00:00:00.000+00
1347,Title1347,Description1347,f,2022-06-14 00:00:00.000+00,2022-06-14 00:00:00.000+00
1348,Title1348,Description1348,f,2022-06-14 00:00:00.000+00,2022-06-14 00:00:00.000+00
1349,Title1349,Description1349,f,2022-06-14 00:00:00.000+00,2022-06-14 00:00:00.000+00
1350,Title1350,Description1350,f,2022-06-14 00:00:00.000+00,2022-06-14 00:00:00.000+00
1351,Title1351,Description1351,f,2022-06-14 00:00:00.000+00,2022-06-14 00:00:00.000+00
1352,Title1352,Description1352,f,2022-06-14 00:00:00.000+00,2022-06-14 00:00:00.000+00
1353,Title1353,Description1353,f,2022-06-14 00:00:00.000+00,2022-06-14 00:00:00.000+00
1354,Title1354,Description1354,f,2022-06-14 00:00:00.000+00,2022-06-14 00:00:00.000+00
1355,Title1355,Description1355,f,2022-06-14 00:00:00.000+00,2022-06-14 00:00:00.000+00
1356,Title1356,Description1356,f,2022-06-14 00:00:00.000+00,2022-06-14 00:00:00.000+00
1357,Title1357,Description1357,f,2022-06-14 00:00:00.000+00,2022-06-14 00:00:00.000+00
1358,Title1358,Description1358,f,2022-06-14 00:00:00.000+00,2022-06-14 00:00:00.000+00
1359,Title1359,Description1359,f,2022-06-14 00:00:00.000+00,2022-06-14 00:00:00.000+00
1360,Title1360,Description1360,f,2022-06-14 00:00:00.000+00,2022-06-14 00:00:00.000+00
1361,Title1361,Description1361,f,2022-06-14 00:00:00.000+00,2022-06-14 00:00:00.000+00
1362,Title1362,Description1362,f,2022-06-14 00:00:00.000+00,2022-06-14 00:00:00.000+00
1363,Title1363,Description1363,f,2022-06-14 00:00:00.000+00,2022-06-14 00:00:00.000+00
1364,Title1364,Description1364,f,2022-06-14 00:00:00.000+00,2022-06-14 00:00:00.000+00
1365,Title1365,Description1365,f,2022-06-14 00:00:00.000+00,2022-06-14 00:00:00.000+00
1366,Title1366,Description1366,f,2022-06-14 00:00:00.000+00,2022-06-14 00:00:00.000+00
1367,Title1367,Description1367,f,2022-06-14 00:00:00.000+00,2022-06-14 00:00:00.000+00
1368,Title1368,Description1368,f,2022-06-14 00:00:00.000+00,2022-06-14 00:00:00.000+00
1369,Title1369,Description1369,f,2022-06-14 00:00:00.000+00,2022-06-14 00:00:00.000+00
1370,Title1370,Description1370,f,2022-06-14 00:00:00.000+00,2022-06-14 00:00:00.000+00
1371,Title1371,Description1371,f,2022-06-14 00:00:00.000+00,2022-06-14 00:00:00.000+00
1372,Title1372,Description1372,f,2022-06-14 00:00:00.000+00,2022-06-14 00:00:00.000+00
1373,Title1373,Description1373,f,2022-06-14 00:00:00.000+00,2022-06-14 00:00:00.000+00
1374,Title1374,Description1374,f,2022-06-14 00:00:00.000+00,2022-06-14 00:00:00.000+00
1375,Title1375,Description1375,f,2022-06-14 00:00:00.000+00,2022-06-14 00:00:00.000+00
1376,Title1376,Description1376,f,2022-06-14 00:00:00.000+00,2022-06-14 00:00:00.000+00
1377,Title1377,Description1377,f,2022-06-14 00:00:00.000+00,2022-06-14 00:00:00.000+00
1378,Title1378,Description1378,f,2022-06-14 00:00:00.000+00,2022-06-14 00:00:00.000+00
1379,Title1379,Description1379,f,2022-06-14 00:00:00.000+00,2022-06-14 00:00:00.000+00
1380,Title1380,Description1380,f,2022-06-14 00:00:00.000+00,2022-06-14 00:00:00.000+00
1381,Title1381,Description1381,f,2022-06-14 00:00:00.000+00,2022-06-14 00:00:00.000+00
1382,Title1382,Description1382,f,2022-06-14 00:00:00.000+00,2022-06-14 00:00:00.000+00
1383,Title1383,Description1383,f,2022-06-14 00:00:00.000+00,2022-06-14 00:00:00.000+00
1384,Title1384,Description1384,f,2022-06-14 00:00:00.000+00,2022-06-14 00:00:00.000+00
1385,Title1385,Description1385,f,2022-06-14 00:00:00.000+00,2022-06-14 00:00:00.000+00
1386,Title1386,Description1386,f,2022-06-14 00:00:00.000+00,2022-06-14 00:00:00.000+00
1387,Title1387,Description1387,f,2022-06-14 00:00:00.000+00,2022-06-14 00:00:00.000+00
1388,Title1388,Description1388,f,2022-06-14 00:00:00.000+00,2022-06-14 00:00:00.000+00
1389,Title1389,Description1389,f,2022-06-14 00:00:00.000+00,2022-06-14 00:00:00.000+00
1390,Title1390,Description1390,f,2022-06-14 00:00:00.000+00,2022-06-14 00:00:00.000+00
1391,Title1391,Description1391,f,2022-06-14 00:00:00.000+00,2022-06-14 00:00:00.000+00
1392,Title1392,Description1392,f,2022-06-14 00:00:00.000+00,2022-06-14 00:00:00.000+00
1393,Title1393,Description1393,f,2022-06-14 00:00:00.000+00,2022-06-14 00:00:00.000+00
1394,Title1394,Description1394,f,2022-06-14 00:00:00.000+00,2022-06-14 00:00:00.000+00
1395,Title1395,Description1395,f,2022-06-14 00:00:00.000+00,2022-06-14 00:00:00.000+00
1396,Title1396,Description1396,f,2022-06-14 00:00:00.000+00,2022-06-14 00:00:00.000+00
1397,Title1397,Description1397,f,2022-06-14 00:00:00.000+00,2022-06-14 00:00:00.000+00
1398,Title1398,Description1398,f,2022-06-14 00:00:00.000+00,2022-06-14 00:00:00.000+00
1399,Title1399,Description1399,f,2022-06-14 00:00:00.000+00,2022-06-14 00:00:00.000+00
1400,Title1400,Description1400,f,2022-06-14 00:00:00.000+00,2022-06-14 00:00:00.000+00
1401,Title1401,Description1401,f,2022-06-14 00:00:00.000+00,2022-06-14 00:00:00.000+00
1402,Title1402,Description1402,f,2022-06-14 00:00:00.000+00,2022-06-14 00:00:00.000+00
1403,Title1403,Description1403,f,2022-06-14 00:00:00.000+00,2022-06-14 00:00:00.000+00
1404,Title1404,Description1404,f,2022-06-14 00:00:00.000+00,2022-06-14 00:00:00.000+00
1405,Title1405,Description1405,f,2022-06-14 00:00:00.000+00,2022-06-14 00:00:00.000+00
1406,Title1406,Description1406,f,2022-06-14 00:00:00.000+00,2022-06-14 00:00:00.000+00
1407,Title1407,Description1407,f,2022-06-14 00:00:00.000+00,2022-06-14 00:00:00.000+00
1408,Title1408,Description1408,f,2022-06-14 00:00:00.000+00,2022-06-14 00:00:00.000+00
1409,Title1409,Description1409,f,2022-06-14 00:00:00.000+00,2022-06-14 00:00:00.000+00
1410,Title1410,Description1410,f,2022-06-14 00:00:00.000+00,2022-06-14 00:00:00.000+00
1411,Title1411,Description1411,f,2022-06-14 00:00:00.000+00,2022-06-14 00:00:00.000+00
1412,Title1412,Description1412,f,2022-06-14 00:00:00.000+00,2022-06-14 00:00:00.000+00
1413,Title1413,Description1413,f,2022-06-14 00:00:00.000+00,2022-06-14 00:00:00.000+00
1414,Title1414,Description1414,f,2022-06-14 00:00:00.000+00,2022-06-14 00:00:00.000+00
1415,Title1415,Description1415,f,2022-06-14 00:00:00.000+00,2022-06-14 00:00:00.000+00
1416,Title1416,Description1416,f,2022-06-14 00:00:00.000+00,2022-06-14 00:00:00.000+00
1417,Title1417,Description1417,f,2022-06-14 00:00:00.000+00,2022-06-14 00:00:00.000+00
1418,Title1418,Description1418,f,2022-06-14 00:00:00.000+00,2022-06-14 00:00:00.000+00
1419,Title1419,Description1419,f,2022-06-14 00:00:00.000+00,2022-06-14 00:00:00.000+00
1420,Title1420,Description1420,f,2022-06-14 00:00:00.000+00,2022-06-14 00:00:00.000+00
1421,Title1421,Description1421,f,2022-06-14 00:00:00.000+00,2022-06-14 00:00:00.000+00
1422,Title1422,Description1422,f,2022-06-14 00:00:00.000+00,2022-06-14 00:00:00.000+00
1423,Title1423,Description1423,f,2022-06-14 00:00:00.000+00,2022-06-14 00:00:00.000+00
1424,Title1424,Description1424,f,2022-06-14 00:00:00.000+00,2022-06-14 00:00:00.000+00
1425,Title1425,Description1425,f,2022-06-14 00:00:00.000+00,2022-06-14 00:00:00.000+00
1426,Title1426,Description1426,f,2022-06-14 00:00:00.000+00,2022-06-14 00:00:00.000+00
1427,Title1427,Description1427,f,2022-06-14 00:00:00.000+00,2022-06-14 00:00:00.000+00
1428,Title1428,Description1428,f,2022-06-14 00:00:00.000+00,2022-06-14 00:00:00.000+00
1429,Title1429,Description1429,f,2022-06-14 00:00:00.000+00,2022-06-14 00:00:00.000+00
1430,Title1430,Description1430,f,2022-06-14 00:00:00.000+00,2022-06-14 00:00:00.000+00
1431,Title1431,Description1431,f,2022-06-14 00:00:00.000+00,2022-06-14 00:00:00.000+00
1432,Title1432,Description1432,f,2022-06-14 00:00:00.000+00,2022-06-14 00:00:00.000+00
1433,Title1433,Description1433,f,2022-06-14 00:00:00.000+00,2022-06-14 00:00:00.000+00
1434,Title1434,Description1434,f,2022-06-14 00:00:00.000+00,2022-06-14 00:00:00.000+00
1435,Title1435,Description1435,f,2022-06-14 00:00:00.000+00,2022-06-14 00:00:00.000+00
1436,Title1436,Description1436,f,2022-06-14 00:00:00.000+00,2022-06-14 00:00:00.000+00
1437,Title1437,Description1437,f,2022-06-14 00:00:00.000+00,2022-06-14 00:00:00.000+00
1438,Title1438,Description1438,f,2022-06-14 00:00:00.000+00,2022-06-14 00:00:00.000+00
1439,Title1439,Description1439,f,2022-06-14 00:00:00.000+00,2022-06-14 00:00:00.000+00
1440,Title1440,Description1440,f,2022-06-14 00:00:00.000+00,2022-06-14 00:00:00.000+00
1441,Title1441,Description1441,f,2022-06-14 00:00:00.000+00,2022-06-14 00:00:00.000+00
1442,Title1442,Description1442,f,2022-06-14 00:00:00.000+00,2022-06-14 00:00:00.000+00
1443,Title1443,Description1443,f,2022-06-14 00:00:00.000+00,2022-06-14 00:00:00.000+00
1444,Title1444,Description1444,f,2022-06-14 00:00:00.000+00,2022-06-14 00:00:00.000+00
1445,Title1445,Description1445,f,2022-06-14 00:00:00.000+00,2022-06-14 00:00:00.000+00
1446,Title1446,Description1446,f,2022-06-14 00:00:00.000+00,2022-06-14 00:00:00.000+00
1447,Title1447,Description1447,f,2022-06-14 00:00:00.000+00,2022-06-14 00:00:00.000+00
1448,Title1448,Description1448,f,2022-06-14 00:00:00.000+00,2022-06-14 00:00:00.000+00
1449,Title1449,Description1449,f,2022-06-14 00:00:00.000+00,2022-06-14 00:00:00.000+00
1450,Title1450,Description1450,f,2022-06-14 00:00:00.000+00,2022-06-14 00:00:00.000+00
1451,Title1451,Description1451,f,2022-06-14 00:00:00.000+00,2022-06-14 00:00:00.000+00
1452,Title1452,Description1452,f,2022-06-14 00:00:00.000+00,2022-06-14 00:00:00.000+00
1453,Title1453,Description1453,f,2022-06-14 00:00:00.000+00,2022-06-14 00:00:00.000+00
1454,Title1454,Description1454,f,2022-06-14 00:00:00.000+00,2022-06-14 00:00:00.000+00
1455,Title1455,Description1455,f,2022-06-14 00:00:00.000+00,2022-06-14 00:00:00.000+00
1456,Title1456,Description1456,f,2022-06-14 00:00:00.000+00,2022-06-14 00:00:00.000+00
1457,Title1457,Description1457,f,2022-06-14 00:00:00.000+00,2022-06-14 00:00:00.000+00
1458,Title1458,Description1458,f,2022-06-14 00:00:00.000+00,2022-06-14 00:00:00.000+00
1459,Title1459,Description1459,f,2022-06-14 00:00:00.000+00,2022-06-14 00:00:00.000+00
1460,Title1460,Description1460,f,2022-06-14 00:00:00.000+00,2022-06-14 00:00:00.000+00
1461,Title1461,Description1461,f,2022-06-14 00:00:00.000+00,2022-06-14 00:00:00.000+00
1462,Title1462,Description1462,f,2022-06-14 00:00:00.000+00,2022-06-14 00:00:00.000+00
1463,Title1463,Description1463,f,2022-06-14 00:00:00.000+00,2022-06-14 00:00:00.000+00
1464,Title1464,Description1464,f,2022-06-14 00:00:00.000+00,2022-06-14 00:00:00.000+00
1465,Title1465,Description1465,f,2022-06-14 00:00:00.000+00,2022-06-14 00:00:00.000+00
1466,Title1466,Description1466,f,2022-06-14 00:00:00.000+00,2022-06-14 00:00:00.000+00
1467,Title1467,Description1467,f,2022-06-14 00:00:00.000+00,2022-06-14 00:00:00.000+00
1468,Title1468,Description1468,f,2022-06-14 00:00:00.000+00,2022-06-14 00:00:00.000+00
1469,Title1469,Description1469,f,2022-06-14 00:00:00.000+00,2022-06-14 00:00:00.000+00
1470,Title1470,Description1470,f,2022-06-14 00:00:00.000+00,2022-06-14 00:00:00.000+00
1471,Title1471,Description1471,f,2022-06-14 00:00:00.000+00,2022-06-14 00:00:00.000+00
1472,Title1472,Description1472,f,2022-06-14 00:00:00.000+00,2022-06-14 00:00:00.000+00
1473,Title1473,Description1473,f,2022-06-14 00:00:00.000+00,2022-06-14 00:00:00.000+00
1474,Title1474,Description1474,f,2022-06-14 00:00:00.000+00,2022-06-14 00:00:00.000+00
1475,Title1475,Description1475,f,2022-06-14 00:00:00.000+00,2022-06-14 00:00:00.000+00
1476,Title1476,Description1476,f,2022-06-14 00:00:00.000+00,2022-06-14 00:00:00.000+00
1477,Title1477,Description1477,f,2022-06-14 00:00:00.000+00,2022-06-14 00:00:00.000+00
1478,Title1478,Description1478,f,2022-06-14 00:00:00.000+00,2022-06-14 00:00:00.000+00
1479,Title1479,Description1479,f,2022-06-14 00:00:00.000+00,2022-06-14 00:00:00.000+00
1480,Title1480,Description1480,f,2022-06-14 00:00:00.000+00,2022-06-14 00:00:00.000+00
1481,Title1481,Description1481,f,2022-06-14 00:00:00.000+00,2022-06-14 00:00:00.000+00
1482,Title1482,Description1482,f,2022-06-14 00:00:00.000+00,2022-06-14 00:00:00.000+00
1483,Title1483,Description1483,f,2022-06-14 00:00:00.000+00,2022-06-14 00:00:00.000+00
1484,Title1484,Description1484,f,2022-06-14 00:00:00.000+00,2022-06-14 00:00:00.000+00
1485,Title1485,Description1485,f,2022-06-14 00:00:00.000+00,2022-06-14 00:00:00.000+00
1486,Title1486,Description1486,f,2022-06-14 00:00:00.000+00,2022-06-14 00:00:00.000+00
1487,Title1487,Description1487,f,2022-06-14 00:00:00.000+00,2022-06-14 00:00:00.000+00
1488,Title1488,Description1488,f,2022-06-14 00:00:00.000+00,2022-06-14 00:00:00.000+00
1489,Title1489,Description1489,f,2022-06-14 00:00:00.000+00,2022-06-14 00:00:00.000+00
1490,Title1490,Description1490,f,2022-06-14 00:00:00.000+00,2022-06-14 00:00:00.000+00
1491,Title1491,Description1491,f,2022-06-14 00:00:00.000+00,2022-06-14 00:00:00.000+00
1492,Title1492,Description1492,f,2022-06-14 00:00:00.000+00,2022-06-14 00:00:00.000+00
1493,Title1493,Description1493,f,2022-06-14 00:00:00.000+00,2022-06-14 00:00:00.000+00
1494,Title1494,Description1494,f,2022-06-14 00:00:00.000+00,2022-06-14 00:00:00.000+00
1495,Title1495,Description1495,f,2022-06-14 00:00:00.000+00,2022-06-14 00:00:00.000+00
1496,Title1496,Description1496,f,2022-06-14 00:00:00.000+00,2022-06-14 00:00:00.000+00
1497,Title1497,Description1497,f,2022-06-14 00:00:00.000+00,2022-06-14 00:00:00.000+00
1498,Title1498,Description1498,f,2022-06-14 00:00:00.000+00,2022-06-14 00:00:00.000+00
1499,Title1499,Description1499,f,2022-06-14 00:00:00.000+00,2022-06-14 00:00:00.000+00
1500,Title1500,Description1500,f,2022-06-14 00:00:00.000+00,2022-06-14 00:00:00.000+00
1501,Title1501,Description1501,f,2022-06-14 00:00:00.000+00,2022-06-14 00:00:00.000+00
1502,Title1502,Description1502,f,2022-06-14 00:00:00.000+00,2022-06-14 00:00:00.000+00
1503,Title1503,Description1503,f,2022-06-14 00:00:00.000+00,2022-06-14 00:00:00.000+00
1504,Title1504,Description1504,f,2022-06-14 00:00:00.000+00,2022-06-14 00:00:00.000+00
1505,Title1505,Description1505,f,2022-06-14 00:00:00.000+00,2022-06-14 00:00:00.000+00
1506,Title1506,Description1506,f,2022-06-14 00:00:00.000+00,2022-06-14 00:00:00.000+00
1507,Title1507,Description1507,f,2022-06-14 00:00:00.000+00,2022-06-14 00:00:00.000+00
1508,Title1508,Description1508,f,2022-06-14 00:00:00.000+00,2022-06-14 00:00:00.000+00
1509,Title1509,Description1509,f,2022-06-14 00:00:00.000+00,2022-06-14 00:00:00.000+00
1510,Title1510,Description1510,f,2022-06-14 00:00:00.000+00,2022-06-14 00:00:00.000+00
1511,Title1511,Description1511,f,2022-06-14 00:00:00.000+00,2022-06-14 00:00:00.000+00
1512,Title1512,Description1512,f,2022-06-14 00:00:00.000+00,2022-06-14 00:00:00.000+00
1513,Title1513,Description1513,f,2022-06-14 00:00:00.000+00,2022-06-14 00:00:00.000+00
1514,Title1514,Description1514,f,2022-06-14 00:00:00.000+00,2022-06-14 00:00:00.000+00
1515,Title1515,Description1515,f,2022-06-14 00:00:00.000+00,2022-06-14 00:00:00.000+00
1516,Title1516,Description1516,f,2022-06-14 00:00:00.000+00,2022-06-14 00:00:00.000+00
1517,Title1517,Description1517,f,2022-06-14 00:00:00.000+00,2022-06-14 00:00:00.000+00
1518,Title1518,Description1518,f,2022-06-14 00:00:00.000+00,2022-06-14 00:00:00.000+00
1519,Title1519,Description1519,f,2022-06-14 00:00:00.000+00,2022-06-14 00:00:00.000+00
1520,Title1520,Description1520,f,2022-06-14 00:00:00.000+00,2022-06-14 00:00:00.000+00
1521,Title1521,Description1521,f,2022-06-14 00:00:00.000+00,2022-06-14 00:00:00.000+00
1522,Title1522,Description1522,f,2022-06-14 00:00:00.000+00,2022-06-14 00:00:00.000+00
1523,Title1523,Description1523,f,2022-06-14 00:00:00.000+00,2022-06-14 00:00:00.000+00
1524,Title1524,Description1524,f,2022-06-14 00:00:00.000+00,2022-06-14 00:00:00.000+00
1525,Title1525,Description1525,f,2022-06-14 00:00:00.000+00,2022-06-14 00:00:00.000+00
1526,Title1526,Description1526,f,2022-06-14 00:00:00.000+00,2022-06-14 00:00:00.000+00
1527,Title1527,Description1527,f,2022-06-14 00:00:00.000+00,2022-06-14 00:00:00.000+00
1528,Title1528,Description1528,f,2022-06-14 00:00:00.000+00,2022-06-14 00:00:00.000+00
1529,Title1529,Description1529,f,2022-06-14 00:00:00.000+00,2022-06-14 00:00:00.000+00
1530,Title1530,Description1530,f,2022-06-14 00:00:00.000+00,2022-06-14 00:00:00.000+00
1531,Title1531,Description1531,f,2022-06-14 00:00:00.000+00,2022-06-14 00:00:00.000+00
1532,Title1532,Description1532,f,2022-06-14 00:00:00.000+00,2022-06-14 00:00:00.000+00
1533,Title1533,Description1533,f,2022-06-14 00:00:00.000+00,2022-06-14 00:00:00.000+00
1534,Title1534,Description1534,f,2022-06-14 00:00:00.000+00,2022-06-14 00:00:00.000+00
1535,Title1535,Description1535,f,2022-06-14 00:00:00.000+00,2022-06-14 00:00:00.000+00
1536,Title1536,Description1536,f,2022-06-14 00:00:00.000+00,2022-06-14 00:00:00.000+00
1537,Title1537,Description1537,f,2022-06-14 00:00:00.000+00,2022-06-14 00:00:00.000+00
1538,Title1538,Description1538,f,2022-06-14 00:00:00.000+00,2022-06-14 00:00:00.000+00
1539,Title1539,Description1539,f,2022-06-14 00:00:00.000+00,2022-06-14 00:00:00.000+00
1540,Title1540,Description1540,f,2022-06-14 00:00:00.000+00,2022-06-14 00:00:00.000+00
1541,Title1541,Description1541,f,2022-06-14 00:00:00.000+00,2022-06-14 00:00:00.000+00
1542,Title1542,Description1542,f,2022-06-14 00:00:00.000+00,2022-06-14 00:00:00.000+00
1543,Title1543,Description1543,f,2022-06-14 00:00:00.000+00,2022-06-14 00:00:00.000+00
1544,Title1544,Description1544,f,2022-06-14 00:00:00.000+00,2022-06-14 00:00:00.000+00
1545,Title1545,Description1545,f,2022-06-14 00:00:00.000+00,2022-06-14 00:00:00.000+00
1546,Title1546,Description1546,f,2022-06-14 00:00:00.000+00,2022-06-14 00:00:00.000+00
1547,Title1547,Description1547,f,2022-06-14 00:00:00.000+00,2022-06-14 00:00:00.000+00
1548,Title1548,Description1548,f,2022-06-14 00:00:00.000+00,2022-06-14 00:00:00.000+00
1549,Title1549,Description1549,f,2022-06-14 00:00:00.000+00,2022-06-14 00:00:00.000+00
1550,Title1550,Description1550,f,2022-06-14 00:00:00.000+00,2022-06-14 00:00:00.000+00
1551,Title1551,Description1551,f,2022-06-14 00:00:00.000+00,2022-06-14 00:00:00.000+00
1552,Title1552,Description1552,f,2022-06-14 00:00:00.000+00,2022-06-14 00:00:00.000+00
1553,Title1553,Description1553,f,2022-06-14 00:00:00.000+00,2022-06-14 00:00:00.000+00
1554,Title1554,Description1554,f,2022-06-14 00:00:00.000+00,2022-06-14 00:00:00.000+00
1555,Title1555,Description1555,f,2022-06-14 00:00:00.000+00,2022-06-14 00:00:00.000+00
1556,Title1556,Description1556,f,2022-06-14 00:00:00.000+00,2022-06-14 00:00:00.000+00
1557,Title1557,Description1557,f,2022-06-14 00:00:00.000+00,2022-06-14 00:00:00.000+00
1558,Title1558,Description1558,f,2022-06-14 00:00:00.000+00,2022-06-14 00:00:00.000+00
1559,Title1559,Description1559,f,2022-06-14 00:00:00.000+00,2022-06-14 00:00:00.000+00
1560,Title1560,Description1560,f,2022-06-14 00:00:00.000+00,2022-06-14 00:00:00.000+00
1561,Title1561,Description1561,f,2022-06-14 00:00:00.000+00,2022-06-14 00:00:00.000+00
1562,Title1562,Description1562,f,2022-06-14 00:00:00.000+00,2022-06-14 00:00:00.000+00
1563,Title1563,Description1563,f,2022-06-14 00:00:00.000+00,2022-06-14 00:00:00.000+00
1564,Title1564,Description1564,f,2022-06-14 00:00:00.000+00,2022-06-14 00:00:00.000+00
1565,Title1565,Description1565,f,2022-06-14 00:00:00.000+00,2022-06-14 00:00:00.000+00
1566,Title1566,Description1566,f,2022-06-14 00:00:00.000+00,2022-06-14 00:00:00.000+00
1567,Title1567,Description1567,f,2022-06-14 00:00:00.000+00,2022-06-14 00:00:00.000+00
1568,Title1568,Description1568,f,2022-06-14 00:00:00.000+00,2022-06-14 00:00:00.000+00
1569,Title1569,Description1569,f,2022-06-14 00:00:00.000+00,2022-06-14 00:00:00.000+00
1570,Title1570,Description1570,f,2022-06-14 00:00:00.000+00,2022-06-14 00:00:00.000+00
1571,Title1571,Description1571,f,2022-06-14 00:00:00.000+00,2022-06-14 00:00:00.000+00
1572,Title1572,Description1572,f,2022-06-14 00:00:00.000+00,2022-06-14 00:00:00.000+00
1573,Title1573,Description1573,f,2022-06-14 00:00:00.000+00,2022-06-14 00:00:00.000+00
1574,Title1574,Description1574,f,2022-06-14 00:00:00.000+00,2022-06-14 00:00:00.000+00
1575,Title1575,Description1575,f,2022-06-14 00:00:00.000+00,2022-06-14 00:00:00.000+00
1576,Title1576,Description1576,f,2022-06-14 00:00:00.000+00,2022-06-14 00:00:00.000+00
1577,Title1577,Description1577,f,2022-06-14 00:00:00.000+00,2022-06-14 00:00:00.000+00
1578,Title1578,Description1578,f,2022-06-14 00:00:00.000+00,2022-06-14 00:00:00.000+00
1579,Title1579,Description1579,f,2022-06-14 00:00:00.000+00,2022-06-14 00:00:00.000+00
1580,Title1580,Description1580,f,2022-06-14 00:00:00.000+00,2022-06-14 00:00:00.000+00
1581,Title1581,Description1581,f,2022-06-14 00:00:00.000+00,2022-06-14 00:00:00.000+00
1582,Title1582,Description1582,f,2022-06-14 00:00:00.000+00,2022-06-14 00:00:00.000+00
1583,Title1583,Description1583,f,2022-06-14 00:00:00.000+00,2022-06-14 00:00:00.000+00
1584,Title1584,Description1584,f,2022-06-14 00:00:00.000+00,2022-06-14 00:00:00.000+00
1585,Title1585,Description1585,f,2022-06-14 00:00:00.000+00,2022-06-14 00:00:00.000+00
1586,Title1586,Description1586,f,2022-06-14 00:00:00.000+00,2022-06-14 00:00:00.000+00
1587,Title1587,Description1587,f,2022-06-14 00:00:00.000+00,2022-06-14 00:00:00.000+00
1588,Title1588,Description1588,f,2022-06-14 00:00:00.000+00,2022-06-14 00:00:00.000+00
1589,Title1589,Description1589,f,2022-06-14 00:00:00.000+00,2022-06-14 00:00:00.000+00
1590,Title1590,Description1590,f,2022-06-14 00:00:00.000+00,2022-06-14 00:00:00.000+00
1591,Title1591,Description1591,f,2022-06-14 00:00:00.000+00,2022-06-14 00:00:00.000+00
1592,Title1592,Description1592,f,2022-06-14 00:00:00.000+00,2022-06-14 00:00:00.000+00
1593,Title1593,Description1593,f,2022-06-14 00:00:00.000+00,2022-06-14 00:00:00.000+00
1594,Title1594,Description1594,f,2022-06-14 00:00:00.000+00,2022-06-14 00:00:00.000+00
1595,Title1595,Description1595,f,2022-06-14 00:00:00.000+00,2022-06-14 00:00:00.000+00
1596,Title1596,Description1596,f,2022-06-14 00:00:00.000+00,2022-06-14 00:00:00.000+00
1597,Title1597,Description1597,f,2022-06-14 00:00:00.000+00,2022-06-14 00:00:00.000+00
1598,Title1598,Description1598,f,2022-06-14 00:00:00.000+00,2022-06-14 00:00:00.000+00
1599,Title1599,Description1599,f,2022-06-14 00:00:00.000+00,2022-06-14 00:00:00.000+00
1600,Title1600,Description1600,f,2022-06-14 00:00:00.000+00,2022-06-14 00:00:00.000+00
1601,Title1601,Description1601,f,2022-06-14 00:00:00.000+00,2022-06-14 00:00:00.000+00
1602,Title1602,Description1602,f,2022-06-14 00:00:00.000+00,2022-06-14 00:00:00.000+00
1603,Title1603,Description1603,f,2022-06-14 00:00:00.000+00,2022-06-14 00:00:00.000+00
1604,Title1604,Description1604,f,2022-06-14 00:00:00.000+00,2022-06-14 00:00:00.000+00
1605,Title1605,Description1605,f,2022-06-14 00:00:00.000+00,2022-06-14 00:00:00.000+00
1606,Title1606,Description1606,f,2022-06-14 00:00:00.000+00,2022-06-14 00:00:00.000+00
1607,Title1607,Description1607,f,2022-06-14 00:00:00.000+00,2022-06-14 00:00:00.000+00
1608,Title1608,Description1608,f,2022-06-14 00:00:00.000+00,2022-06-14 00:00:00.000+00
1609,Title1609,Description1609,f,2022-06-14 00:00:00.000+00,2022-06-14 00:00:00.000+00
1610,Title1610,Description1610,f,2022-06-14 00:00:00.000+00,2022-06-14 00:00:00.000+00
1611,Title1611,Description1611,f,2022-06-14 00:00:00.000+00,2022-06-14 00:00:00.000+00
1612,Title1612,Description1612,f,2022-06-14 00:00:00.000+00,2022-06-14 00:00:00.000+00
1613,Title1613,Description1613,f,2022-06-14 00:00:00.000+00,2022-06-14 00:00:00.000+00
1614,Title1614,Description1614,f,2022-06-14 00:00:00.000+00,2022-06-14 00:00:00.000+00
1615,Title1615,Description1615,f,2022-06-14 00:00:00.000+00,2022-06-14 00:00:00.000+00
1616,Title1616,Description1616,f,2022-06-14 00:00:00.000+00,2022-06-14 00:00:00.000+00
1617,Title1617,Description1617,f,2022-06-14 00:00:00.000+00,2022-06-14 00:00:00.000+00
1618,Title1618,Description1618,f,2022-06-14 00:00:00.000+00,2022-06-14 00:00:00.000+00
1619,Title1619,Description1619,f,2022-06-14 00:00:00.000+00,2022-06-14 00:00:00.000+00
1620,Title1620,Description1620,f,2022-06-14 00:00:00.000+00,2022-06-14 00:00:00.000+00
1621,Title1621,Description1621,f,2022-06-14 00:00:00.000+00,2022-06-14 00:00:00.000+00
1622,Title1622,Description1622,f,2022-06-14 00:00:00.000+00,2022-06-14 00:00:00.000+00
1623,Title1623,Description1623,f,2022-06-14 00:00:00.000+00,2022-06-14 00:00:00.000+00
1624,Title1624,Description1624,f,2022-06-14 00:00:00.000+00,2022-06-14 00:00:00.000+00
1625,Title1625,Description1625,f,2022-06-14 00:00:00.000+00,2022-06-14 00:00:00.000+00
1626,Title1626,Description1626,f,2022-06-14 00:00:00.000+00,2022-06-14 00:00:00.000+00
1627,Title1627,Description1627,f,2022-06-14 00:00:00.000+00,2022-06-14 00:00:00.000+00
1628,Title1628,Description1628,f,2022-06-14 00:00:00.000+00,2022-06-14 00:00:00.000+00
1629,Title1629,Description1629,f,2022-06-14 00:00:00.000+00,2022-06-14 00:00:00.000+00
1630,Title1630,Description1630,f,2022-06-14 00:00:00.000+00,2022-06-14 00:00:00.000+00
1631,Title1631,Description1631,f,2022-06-14 00:00:00.000+00,2022-06-14 00:00:00.000+00
1632,Title1632,Description1632,f,2022-06-14 00:00:00.000+00,2022-06-14 00:00:00.000+00
1633,Title1633,Description1633,f,2022-06-14 00:00:00.000+00,2022-06-14 00:00:00.000+00
1634,Title1634,Description1634,f,2022-06-14 00:00:00.000+00,2022-06-14 00:00:00.000+00
1635,Title1635,Description1635,f,2022-06-14 00:00:00.000+00,2022-06-14 00:00:00.000+00
1636,Title1636,Description1636,f,2022-06-14 00:00:00.000+00,2022-06-14 00:00:00.000+00
1637,Title1637,Description1637,f,2022-06-14 00:00:00.000+00,2022-06-14 00:00:00.000+00
1638,Title1638,Description1638,f,2022-06-14 00:00:00.000+00,2022-06-14 00:00:00.000+00
1639,Title1639,Description1639,f,2022-06-14 00:00:00.000+00,2022-06-14 00:00:00.000+00
1640,Title1640,Description1640,f,2022-06-14 00:00:00.000+00,2022-06-14 00:00:00.000+00
1641,Title1641,Description1641,f,2022-06-14 00:00:00.000+00,2022-06-14 00:00:00.000+00
1642,Title1642,Description1642,f,2022-06-14 00:00:00.000+00,2022-06-14 00:00:00.000+00
1643,Title1643,Description1643,f,2022-06-14 00:00:00.000+00,2022-06-14 00:00:00.000+00
1644,Title1644,Description1644,f,2022-06-14 00:00:00.000+00,2022-06-14 00:00:00.000+00
1645,Title1645,Description1645,f,2022-06-14 00:00:00.000+00,2022-06-14 00:00:00.000+00
1646,Title1646,Description1646,f,2022-06-14 00:00:00.000+00,2022-06-14 00:00:00.000+00
1647,Title1647,Description1647,f,2022-06-14 00:00:00.000+00,2022-06-14 00:00:00.000+00
1648,Title1648,Description1648,f,2022-06-14 00:00:00.000+00,2022-06-14 00:00:00.000+00
1649,Title1649,Description1649,f,2022-06-14 00:00:00.000+00,2022-06-14 00:00:00.000+00
1650,Title1650,Description1650,f,2022-06-14 00:00:00.000+00,2022-06-14 00:00:00.000+00
1651,Title1651,Description1651,f,2022-06-14 00:00:00.000+00,2022-06-14 00:00:00.000+00
1652,Title1652,Description1652,f,2022-06-14 00:00:00.000+00,2022-06-14 00:00:00.000+00
1653,Title1653,Description1653,f,2022-06-14 00:00:00.000+00,2022-06-14 00:00:00.000+00
1654,Title1654,Description1654,f,2022-06-14 00:00:00.000+00,2022-06-14 00:00:00.000+00
1655,Title1655,Description1655,f,2022-06-14 00:00:00.000+00,2022-06-14 00:00:00.000+00
1656,Title1656,Description1656,f,2022-06-14 00:00:00.000+00,2022-06-14 00:00:00.000+00
1657,Title1657,Description1657,f,2022-06-14 00:00:00.000+00,2022-06-14 00:00:00.000+00
1658,Title1658,Description1658,f,2022-06-14 00:00:00.000+00,2022-06-14 00:00:00.000+00
1659,Title1659,Description1659,f,2022-06-14 00:00:00.000+00,2022-06-14 00:00:00.000+00
1660,Title1660,Description1660,f,2022-06-14 00:00:00.000+00,2022-06-14 00:00:00.000+00
1661,Title1661,Description1661,f,2022-06-14 00:00:00.000+00,2022-06-14 00:00:00.000+00
1662,Title1662,Description1662,f,2022-06-14 00:00:00.000+00,2022-06-14 00:00:00.000+00
1663,Title1663,Description1663,f,2022-06-14 00:00:00.000+00,2022-06-14 00:00:00.000+00
1664,Title1664,Description1664,f,2022-06-14 00:00:00.000+00,2022-06-14 00:00:00.000+00
1665,Title1665,Description1665,f,2022-06-14 00:00:00.000+00,2022-06-14 00:00:00.000+00
1666,Title1666,Description1666,f,2022-06-14 00:00:00.000+00,2022-06-14 00:00:00.000+00
1667,Title1667,Description1667,f,2022-06-14 00:00:00.000+00,2022-06-14 00:00:00.000+00
1668,Title1668,Description1668,f,2022-06-14 00:00:00.000+00,2022-06-14 00:00:00.000+00
1669,Title1669,Description1669,f,2022-06-14 00:00:00.000+00,2022-06-14 00:00:00.000+00
1670,Title1670,Description1670,f,2022-06-14 00:00:00.000+00,2022-06-14 00:00:00.000+00
1671,Title1671,Description1671,f,2022-06-14 00:00:00.000+00,2022-06-14 00:00:00.000+00
1672,Title1672,Description1672,f,2022-06-14 00:00:00.000+00,2022-06-14 00:00:00.000+00
1673,Title1673,Description1673,f,2022-06-14 00:00:00.000+00,2022-06-14 00:00:00.000+00
1674,Title1674,Description1674,f,2022-06-14 00:00:00.000+00,2022-06-14 00:00:00.000+00
1675,Title1675,Description1675,f,2022-06-14 00:00:00.000+00,2022-06-14 00:00:00.000+00
1676,Title1676,Description1676,f,2022-06-14 00:00:00.000+00,2022-06-14 00:00:00.000+00
1677,Title1677,Description1677,f,2022-06-14 00:00:00.000+00,2022-06-14 00:00:00.000+00
1678,Title1678,Description1678,f,2022-06-14 00:00:00.000+00,2022-06-14 00:00:00.000+00
1679,Title1679,Description1679,f,2022-06-14 00:00:00.000+00,2022-06-14 00:00:00.000+00
1680,Title1680,Description1680,f,2022-06-14 00:00:00.000+00,2022-06-14 00:00:00.000+00
1681,Title1681,Description1681,f,2022-06-14 00:00:00.000+00,2022-06-14 00:00:00.000+00
1682,Title1682,Description1682,f,2022-06-14 00:00:00.000+00,2022-06-14 00:00:00.000+00
1683,Title1683,Description1683,f,2022-06-14 00:00:00.000+00,2022-06-14 00:00:00.000+00
1684,Title1684,Description1684,f,2022-06-14 00:00:00.000+00,2022-06-14 00:00:00.000+00
1685,Title1685,Description1685,f,2022-06-14 00:00:00.000+00,2022-06-14 00:00:00.000+00
1686,Title1686,Description1686,f,2022-06-14 00:00:00.000+00,2022-06-14 00:00:00.000+00
1687,Title1687,Description1687,f,2022-06-14 00:00:00.000+00,2022-06-14 00:00:00.000+00
1688,Title1688,Description1688,f,2022-06-14 00:00:00.000+00,2022-06-14 00:00:00.000+00
1689,Title1689,Description1689,f,2022-06-14 00:00:00.000+00,2022-06-14 00:00:00.000+00
1690,Title1690,Description1690,f,2022-06-14 00:00:00.000+00,2022-06-14 00:00:00.000+00
1691,Title1691,Description1691,f,2022-06-14 00:00:00.000+00,2022-06-14 00:00:00.000+00
1692,Title1692,Description1692,f,2022-06-14 00:00:00.000+00,2022-06-14 00:00:00.000+00
1693,Title1693,Description1693,f,2022-06-14 00:00:00.000+00,2022-06-14 00:00:00.000+00
1694,Title1694,Description1694,f,2022-06-14 00:00:00.000+00,2022-06-14 00:00:00.000+00
1695,Title1695,Description1695,f,2022-06-14 00:00:00.000+00,2022-06-14 00:00:00.000+00
1696,Title1696,Description1696,f,2022-06-14 00:00:00.000+00,2022-06-14 00:00:00.000+00
1697,Title1697,Description1697,f,2022-06-14 00:00:00.000+00,2022-06-14 00:00:00.000+00
1698,Title1698,Description1698,f,2022-06-14 00:00:00.000+00,2022-06-14 00:00:00.000+00
1699,Title1699,Description1699,f,2022-06-14 00:00:00.000+00,2022-06-14 00:00:00.000+00
1700,Title1700,Description1700,f,2022-06-14 00:00:00.000+00,2022-06-14 00:00:00.000+00
1701,Title1701,Description1701,f,2022-06-14 00:00:00.000+00,2022-06-14 00:00:00.000+00
1702,Title1702,Description1702,f,2022-06-14 00:00:00.000+00,2022-06-14 00:00:00.000+00
1703,Title1703,Description1703,f,2022-06-14 00:00:00.000+00,2022-06-14 00:00:00.000+00
1704,Title1704,Description1704,f,2022-06-14 00:00:00.000+00,2022-06-14 00:00:00.000+00
1705,Title1705,Description1705,f,2022-06-14 00:00:00.000+00,2022-06-14 00:00:00.000+00
1706,Title1706,Description1706,f,2022-06-14 00:00:00.000+00,2022-06-14 00:00:00.000+00
1707,Title1707,Description1707,f,2022-06-14 00:00:00.000+00,2022-06-14 00:00:00.000+00
1708,Title1708,Description1708,f,2022-06-14 00:00:00.000+00,2022-06-14 00:00:00.000+00
1709,Title1709,Description1709,f,2022-06-14 00:00:00.000+00,2022-06-14 00:00:00.000+00
1710,Title1710,Description1710,f,2022-06-14 00:00:00.000+00,2022-06-14 00:00:00.000+00
1711,Title1711,Description1711,f,2022-06-14 00:00:00.000+00,2022-06-14 00:00:00.000+00
1712,Title1712,Description1712,f,2022-06-14 00:00:00.000+00,2022-06-14 00:00:00.000+00
1713,Title1713,Description1713,f,2022-06-14 00:00:00.000+00,2022-06-14 00:00:00.000+00
1714,Title1714,Description1714,f,2022-06-14 00:00:00.000+00,2022-06-14 00:00:00.000+00
1715,Title1715,Description1715,f,2022-06-14 00:00:00.000+00,2022-06-14 00:00:00.000+00
1716,Title1716,Description1716,f,2022-06-14 00:00:00.000+00,2022-06-14 00:00:00.000+00
1717,Title1717,Description1717,f,2022-06-14 00:00:00.000+00,2022-06-14 00:00:00.000+00
1718,Title1718,Description1718,f,2022-06-14 00:00:00.000+00,2022-06-14 00:00:00.000+00
1719,Title1719,Description1719,f,2022-06-14 00:00:00.000+00,2022-06-14 00:00:00.000+00
1720,Title1720,Description1720,f,2022-06-14 00:00:00.000+00,2022-06-14 00:00:00.000+00
1721,Title1721,Description1721,f,2022-06-14 00:00:00.000+00,2022-06-14 00:00:00.000+00
1722,Title1722,Description1722,f,2022-06-14 00:00:00.000+00,2022-06-14 00:00:00.000+00
1723,Title1723,Description1723,f,2022-06-14 00:00:00.000+00,2022-06-14 00:00:00.000+00
1724,Title1724,Description1724,f,2022-06-14 00:00:00.000+00,2022-06-14 00:00:00.000+00
1725,Title1725,Description1725,f,2022-06-14 00:00:00.000+00,2022-06-14 00:00:00.000+00
1726,Title1726,Description1726,f,2022-06-14 00:00:00.000+00,2022-06-14 00:00:00.000+00
1727,Title1727,Description1727,f,2022-06-14 00:00:00.000+00,2022-06-14 00:00:00.000+00
1728,Title1728,Description1728,f,2022-06-14 00:00:00.000+00,2022-06-14 00:00:00.000+00
1729,Title1729,Description1729,f,2022-06-14 00:00:00.000+00,2022-06-14 00:00:00.000+00
1730,Title1730,Description1730,f,2022-06-14 00:00:00.000+00,2022-06-14 00:00:00.000+00
1731,Title1731,Description1731,f,2022-06-14 00:00:00.000+00,2022-06-14 00:00:00.000+00
1732,Title1732,Description1732,f,2022-06-14 00:00:00.000+00,2022-06-14 00:00:00.000+00
1733,Title1733,Description1733,f,2022-06-14 00:00:00.000+00,2022-06-14 00:00:00.000+00
1734,Title1734,Description1734,f,2022-06-14 00:00:00.000+00,2022-06-14 00:00:00.000+00
1735,Title1735,Description1735,f,2022-06-14 00:00:00.000+00,2022-06-14 00:00:00.000+00
1736,Title1736,Description1736,f,2022-06-14 00:00:00.000+00,2022-06-14 00:00:00.000+00
1737,Title1737,Description1737,f,2022-06-14 00:00:00.000+00,2022-06-14 00:00:00.000+00
1738,Title1738,Description1738,f,2022-06-14 00:00:00.000+00,2022-06-14 00:00:00.000+00
1739,Title1739,Description1739,f,2022-06-14 00:00:00.000+00,2022-06-14 00:00:00.000+00
1740,Title1740,Description1740,f,2022-06-14 00:00:00.000+00,2022-06-14 00:00:00.000+00
1741,Title1741,Description1741,f,2022-06-14 00:00:00.000+00,2022-06-14 00:00:00.000+00
1742,Title1742,Description1742,f,2022-06-14 00:00:00.000+00,2022-06-14 00:00:00.000+00
1743,Title1743,Description1743,f,2022-06-14 00:00:00.000+00,2022-06-14 00:00:00.000+00
1744,Title1744,Description1744,f,2022-06-14 00:00:00.000+00,2022-06-14 00:00:00.000+00
1745,Title1745,Description1745,f,2022-06-14 00:00:00.000+00,2022-06-14 00:00:00.000+00
1746,Title1746,Description1746,f,2022-06-14 00:00:00.000+00,2022-06-14 00:00:00.000+00
1747,Title1747,Description1747,f,2022-06-14 00:00:00.000+00,2022-06-14 00:00:00.000+00
1748,Title1748,Description1748,f,2022-06-14 00:00:00.000+00,2022-06-14 00:00:00.000+00
1749,Title1749,Description1749,f,2022-06-14 00:00:00.000+00,2022-06-14 00:00:00.000+00
1750,Title1750,Description1750,f,2022-06-14 00:00:00.000+00,2022-06-14 00:00:00.000+00
1751,Title1751,Description1751,f,2022-06-14 00:00:00.000+00,2022-06-14 00:00:00.000+00
1752,Title1752,Description1752,f,2022-06-14 00:00:00.000+00,2022-06-14 00:00:00.000+00
1753,Title1753,Description1753,f,2022-06-14 00:00:00.000+00,2022-06-14 00:00:00.000+00
1754,Title1754,Description1754,f,2022-06-14 00:00:00.000+00,2022-06-14 00:00:00.000+00
1755,Title1755,Description1755,f,2022-06-14 00:00:00.000+00,2022-06-14 00:00:00.000+00
1756,Title1756,Description1756,f,2022-06-14 00:00:00.000+00,2022-06-14 00:00:00.000+00
1757,Title1757,Description1757,f,2022-06-14 00:00:00.000+00,2022-06-14 00:00:00.000+00
1758,Title1758,Description1758,f,2022-06-14 00:00:00.000+00,2022-06-14 00:00:00.000+00
1759,Title1759,Description1759,f,2022-06-14 00:00:00.000+00,2022-06-14 00:00:00.000+00
1760,Title1760,Description1760,f,2022-06-14 00:00:00.000+00,2022-06-14 00:00:00.000+00
1761,Title1761,Description1761,f,2022-06-14 00:00:00.000+00,2022-06-14 00:00:00.000+00
1762,Title1762,Description1762,f,2022-06-14 00:00:00.000+00,2022-06-14 00:00:00.000+00
1763,Title1763,Description1763,f,2022-06-14 00:00:00.000+00,2022-06-14 00:00:00.000+00
1764,Title1764,Description1764,f,2022-06-14 00:00:00.000+00,2022-06-14 00:00:00.000+00
1765,Title1765,Description1765,f,2022-06-14 00:00:00.000+00,2022-06-14 00:00:00.000+00
1766,Title1766,Description1766,f,2022-06-14 00:00:00.000+00,2022-06-14 00:00:00.000+00
1767,Title1767,Description1767,f,2022-06-14 00:00:00.000+00,2022-06-14 00:00:00.000+00
1768,Title1768,Description1768,f,2022-06-14 00:00:00.000+00,2022-06-14 00:00:00.000+00
1769,Title1769,Description1769,f,2022-06-14 00:00:00.000+00,2022-06-14 00:00:00.000+00
1770,Title1770,Description1770,f,2022-06-14 00:00:00.000+00,2022-06-14 00:00:00.000+00
1771,Title1771,Description1771,f,2022-06-14 00:00:00.000+00,2022-06-14 00:00:00.000+00
1772,Title1772,Description1772,f,2022-06-14 00:00:00.000+00,2022-06-14 00:00:00.000+00
1773,Title1773,Description1773,f,2022-06-14 00:00:00.000+00,2022-06-14 00:00:00.000+00
1774,Title1774,Description1774,f,2022-06-14 00:00:00.000+00,2022-06-14 00:00:00.000+00
1775,Title1775,Description1775,f,2022-06-14 00:00:00.000+00,2022-06-14 00:00:00.000+00
1776,Title1776,Description1776,f,2022-06-14 00:00:00.000+00,2022-06-14 00:00:00.000+00
1777,Title1777,Description1777,f,2022-06-14 00:00:00.000+00,2022-06-14 00:00:00.000+00
1778,Title1778,Description1778,f,2022-06-14 00:00:00.000+00,2022-06-14 00:00:00.000+00
1779,Title1779,Description1779,f,2022-06-14 00:00:00.000+00,2022-06-14 00:00:00.000+00
1780,Title1780,Description1780,f,2022-06-14 00:00:00.000+00,2022-06-14 00:00:00.000+00
1781,Title1781,Description1781,f,2022-06-14 00:00:00.000+00,2022-06-14 00:00:00.000+00
1782,Title1782,Description1782,f,2022-06-14 00:00:00.000+00,2022-06-14 00:00:00.000+00
1783,Title1783,Description1783,f,2022-06-14 00:00:00.000+00,2022-06-14 00:00:00.000+00
1784,Title1784,Description1784,f,2022-06-14 00:00:00.000+00,2022-06-14 00:00:00.000+00
1785,Title1785,Description1785,f,2022-06-14 00:00:00.000+00,2022-06-14 00:00:00.000+00
1786,Title1786,Description1786,f,2022-06-14 00:00:00.000+00,2022-06-14 00:00:00.000+00
1787,Title1787,Description1787,f,2022-06-14 00:00:00.000+00,2022-06-14 00:00:00.000+00
1788,Title1788,Description1788,f,2022-06-14 00:00:00.000+00,2022-06-14 00:00:00.000+00
1789,Title1789,Description1789,f,2022-06-14 00:00:00.000+00,2022-06-14 00:00:00.000+00
1790,Title1790,Description1790,f,2022-06-14 00:00:00.000+00,2022-06-14 00:00:00.000+00
1791,Title1791,Description1791,f,2022-06-14 00:00:00.000+00,2022-06-14 00:00:00.000+00
1792,Title1792,Description1792,f,2022-06-14 00:00:00.000+00,2022-06-14 00:00:00.000+00
1793,Title1793,Description1793,f,2022-06-14 00:00:00.000+00,2022-06-14 00:00:00.000+00
1794,Title1794,Description1794,f,2022-06-14 00:00:00.000+00,2022-06-14 00:00:00.000+00
1795,Title1795,Description1795,f,2022-06-14 00:00:00.000+00,2022-06-14 00:00:00.000+00
1796,Title1796,Description1796,f,2022-06-14 00:00:00.000+00,2022-06-14 00:00:00.000+00
1797,Title1797,Description1797,f,2022-06-14 00:00:00.000+00,2022-06-14 00:00:00.000+00
1798,Title1798,Description1798,f,2022-06-14 00:00:00.000+00,2022-06-14 00:00:00.000+00
1799,Title1799,Description1799,f,2022-06-14 00:00:00.000+00,2022-06-14 00:00:00.000+00
1800,Title1800,Description1800,f,2022-06-14 00:00:00.000+00,2022-06-14 00:00:00.000+00
1801,Title1801,Description1801,f,2022-06-14 00:00:00.000+00,2022-06-14 00:00:00.000+00
1802,Title1802,Description1802,f,2022-06-14 00:00:00.000+00,2022-06-14 00:00:00.000+00
1803,Title1803,Description1803,f,2022-06-14 00:00:00.000+00,2022-06-14 00:00:00.000+00
1804,Title1804,Description1804,f,2022-06-14 00:00:00.000+00,2022-06-14 00:00:00.000+00
1805,Title1805,Description1805,f,2022-06-14 00:00:00.000+00,2022-06-14 00:00:00.000+00
1806,Title1806,Description1806,f,2022-06-14 00:00:00.000+00,2022-06-14 00:00:00.000+00
1807,Title1807,Description1807,f,2022-06-14 00:00:00.000+00,2022-06-14 00:00:00.000+00
1808,Title1808,Description1808,f,2022-06-14 00:00:00.000+00,2022-06-14 00:00:00.000+00
1809,Title1809,Description1809,f,2022-06-14 00:00:00.000+00,2022-06-14 00:00:00.000+00
1810,Title1810,Description1810,f,2022-06-14 00:00:00.000+00,2022-06-14 00:00:00.000+00
1811,Title1811,Description1811,f,2022-06-14 00:00:00.000+00,2022-06-14 00:00:00.000+00
1812,Title1812,Description1812,f,2022-06-14 00:00:00.000+00,2022-06-14 00:00:00.000+00
1813,Title1813,Description1813,f,2022-06-14 00:00:00.000+00,2022-06-14 00:00:00.000+00
1814,Title1814,Description1814,f,2022-06-14 00:00:00.000+00,2022-06-14 00:00:00.000+00
1815,Title1815,Description1815,f,2022-06-14 00:00:00.000+00,2022-06-14 00:00:00.000+00
1816,Title1816,Description1816,f,2022-06-14 00:00:00.000+00,2022-06-14 00:00:00.000+00
1817,Title1817,Description1817,f,2022-06-14 00:00:00.000+00,2022-06-14 00:00:00.000+00
1818,Title1818,Description1818,f,2022-06-14 00:00:00.000+00,2022-06-14 00:00:00.000+00
1819,Title1819,Description1819,f,2022-06-14 00:00:00.000+00,2022-06-14 00:00:00.000+00
1820,Title1820,Description1820,f,2022-06-14 00:00:00.000+00,2022-06-14 00:00:00.000+00
1821,Title1821,Description1821,f,2022-06-14 00:00:00.000+00,2022-06-14 00:00:00.000+00
1822,Title1822,Description1822,f,2022-06-14 00:00:00.000+00,2022-06-14 00:00:00.000+00
1823,Title1823,Description1823,f,2022-06-14 00:00:00.000+00,2022-06-14 00:00:00.000+00
1824,Title1824,Description1824,f,2022-06-14 00:00:00.000+00,2022-06-14 00:00:00.000+00
1825,Title1825,Description1825,f,2022-06-14 00:00:00.000+00,2022-06-14 00:00:00.000+00
1826,Title1826,Description1826,f,2022-06-14 00:00:00.000+00,2022-06-14 00:00:00.000+00
1827,Title1827,Description1827,f,2022-06-14 00:00:00.000+00,2022-06-14 00:00:00.000+00
1828,Title1828,Description1828,f,2022-06-14 00:00:00.000+00,2022-06-14 00:00:00.000+00
1829,Title1829,Description1829,f,2022-06-14 00:00:00.000+00,2022-06-14 00:00:00.000+00
1830,Title1830,Description1830,f,2022-06-14 00:00:00.000+00,2022-06-14 00:00:00.000+00
1831,Title1831,Description1831,f,2022-06-14 00:00:00.000+00,2022-06-14 00:00:00.000+00
1832,Title1832,Description1832,f,2022-06-14 00:00:00.000+00,2022-06-14 00:00:00.000+00
1833,Title1833,Description1833,f,2022-06-14 00:00:00.000+00,2022-06-14 00:00:00.000+00
1834,Title1834,Description1834,f,2022-06-14 00:00:00.000+00,2022-06-14 00:00:00.000+00
1835,Title1835,Description1835,f,2022-06-14 00:00:00.000+00,2022-06-14 00:00:00.000+00
1836,Title1836,Description1836,f,2022-06-14 00:00:00.000+00,2022-06-14 00:00:00.000+00
1837,Title1837,Description1837,f,2022-06-14 00:00:00.000+00,2022-06-14 00:00:00.000+00
1838,Title1838,Description1838,f,2022-06-14 00:00:00.000+00,2022-06-14 00:00:00.000+00
1839,Title1839,Description1839,f,2022-06-14 00:00:00.000+00,2022-06-14 00:00:00.000+00
1840,Title1840,Description1840,f,2022-06-14 00:00:00.000+00,2022-06-14 00:00:00.000+00
1841,Title1841,Description1841,f,2022-06-14 00:00:00.000+00,2022-06-14 00:00:00.000+00
1842,Title1842,Description1842,f,2022-06-14 00:00:00.000+00,2022-06-14 00:00:00.000+00
1843,Title1843,Description1843,f,2022-06-14 00:00:00.000+00,2022-06-14 00:00:00.000+00
1844,Title1844,Description1844,f,2022-06-14 00:00:00.000+00,2022-06-14 00:00:00.000+00
1845,Title1845,Description1845,f,2022-06-14 00:00:00.000+00,2022-06-14 00:00:00.000+00
1846,Title1846,Description1846,f,2022-06-14 00:00:00.000+00,2022-06-14 00:00:00.000+00
1847,Title1847,Description1847,f,2022-06-14 00:00:00.000+00,2022-06-14 00:00:00.000+00
1848,Title1848,Description1848,f,2022-06-14 00:00:00.000+00,2022-06-14 00:00:00.000+00
1849,Title1849,Description1849,f,2022-06-14 00:00:00.000+00,2022-06-14 00:00:00.000+00
1850,Title1850,Description1850,f,2022-06-14 00:00:00.000+00,2022-06-14 00:00:00.000+00
1851,Title1851,Description1851,f,2022-06-14 00:00:00.000+00,2022-06-14 00:00:00.000+00
1852,Title1852,Description1852,f,2022-06-14 00:00:00.000+00,2022-06-14 00:00:00.000+00
1853,Title1853,Description1853,f,2022-06-14 00:00:00.000+00,2022-06-14 00:00:00.000+00
1854,Title1854,Description1854,f,2022-06-14 00:00:00.000+00,2022-06-14 00:00:00.000+00
1855,Title1855,Description1855,f,2022-06-14 00:00:00.000+00,2022-06-14 00:00:00.000+00
1856,Title1856,Description1856,f,2022-06-14 00:00:00.000+00,2022-06-14 00:00:00.000+00
1857,Title1857,Description1857,f,2022-06-14 00:00:00.000+00,2022-06-14 00:00:00.000+00
1858,Title1858,Description1858,f,2022-06-14 00:00:00.000+00,2022-06-14 00:00:00.000+00
1859,Title1859,Description1859,f,2022-06-14 00:00:00.000+00,2022-06-14 00:00:00.000+00
1860,Title1860,Description1860,f,2022-06-14 00:00:00.000+00,2022-06-14 00:00:00.000+00
1861,Title1861,Description1861,f,2022-06-14 00:00:00.000+00,2022-06-14 00:00:00.000+00
1862,Title1862,Description1862,f,2022-06-14 00:00:00.000+00,2022-06-14 00:00:00.000+00
1863,Title1863,Description1863,f,2022-06-14 00:00:00.000+00,2022-06-14 00:00:00.000+00
1864,Title1864,Description1864,f,2022-06-14 00:00:00.000+00,2022-06-14 00:00:00.000+00
1865,Title1865,Description1865,f,2022-06-14 00:00:00.000+00,2022-06-14 00:00:00.000+00
1866,Title1866,Description1866,f,2022-06-14 00:00:00.000+00,2022-06-14 00:00:00.000+00
1867,Title1867,Description1867,f,2022-06-14 00:00:00.000+00,2022-06-14 00:00:00.000+00
1868,Title1868,Description1868,f,2022-06-14 00:00:00.000+00,2022-06-14 00:00:00.000+00
1869,Title1869,Description1869,f,2022-06-14 00:00:00.000+00,2022-06-14 00:00:00.000+00
1870,Title1870,Description1870,f,2022-06-14 00:00:00.000+00,2022-06-14 00:00:00.000+00
1871,Title1871,Description1871,f,2022-06-14 00:00:00.000+00,2022-06-14 00:00:00.000+00
1872,Title1872,Description1872,f,2022-06-14 00:00:00.000+00,2022-06-14 00:00:00.000+00
1873,Title1873,Description1873,f,2022-06-14 00:00:00.000+00,2022-06-14 00:00:00.000+00
1874,Title1874,Description1874,f,2022-06-14 00:00:00.000+00,2022-06-14 00:00:00.000+00
1875,Title1875,Description1875,f,2022-06-14 00:00:00.000+00,2022-06-14 00:00:00.000+00
1876,Title1876,Description1876,f,2022-06-14 00:00:00.000+00,2022-06-14 00:00:00.000+00
1877,Title1877,Description1877,f,2022-06-14 00:00:00.000+00,2022-06-14 00:00:00.000+00
1878,Title1878,Description1878,f,2022-06-14 00:00:00.000+00,2022-06-14 00:00:00.000+00
1879,Title1879,Description1879,f,2022-06-14 00:00:00.000+00,2022-06-14 00:00:00.000+00
1880,Title1880,Description1880,f,2022-06-14 00:00:00.000+00,2022-06-14 00:00:00.000+00
1881,Title1881,Description1881,f,2022-06-14 00:00:00.000+00,2022-06-14 00:00:00.000+00
1882,Title1882,Description1882,f,2022-06-14 00:00:00.000+00,2022-06-14 00:00:00.000+00
1883,Title1883,Description1883,f,2022-06-14 00:00:00.000+00,2022-06-14 00:00:00.000+00
1884,Title1884,Description1884,f,2022-06-14 00:00:00.000+00,2022-06-14 00:00:00.000+00
1885,Title1885,Description1885,f,2022-06-14 00:00:00.000+00,2022-06-14 00:00:00.000+00
1886,Title1886,Description1886,f,2022-06-14 00:00:00.000+00,2022-06-14 00:00:00.000+00
1887,Title1887,Description1887,f,2022-06-14 00:00:00.000+00,2022-06-14 00:00:00.000+00
1888,Title1888,Description1888,f,2022-06-14 00:00:00.000+00,2022-06-14 00:00:00.000+00
1889,Title1889,Description1889,f,2022-06-14 00:00:00.000+00,2022-06-14 00:00:00.000+00
1890,Title1890,Description1890,f,2022-06-14 00:00:00.000+00,2022-06-14 00:00:00.000+00
1891,Title1891,Description1891,f,2022-06-14 00:00:00.000+00,2022-06-14 00:00:00.000+00
1892,Title1892,Description1892,f,2022-06-14 00:00:00.000+00,2022-06-14 00:00:00.000+00
1893,Title1893,Description1893,f,2022-06-14 00:00:00.000+00,2022-06-14 00:00:00.000+00
1894,Title1894,Description1894,f,2022-06-14 00:00:00.000+00,2022-06-14 00:00:00.000+00
1895,Title1895,Description1895,f,2022-06-14 00:00:00.000+00,2022-06-14 00:00:00.000+00
1896,Title1896,Description1896,f,2022-06-14 00:00:00.000+00,2022-06-14 00:00:00.000+00
1897,Title1897,Description1897,f,2022-06-14 00:00:00.000+00,2022-06-14 00:00:00.000+00
1898,Title1898,Description1898,f,2022-06-14 00:00:00.000+00,2022-06-14 00:00:00.000+00
1899,Title1899,Description1899,f,2022-06-14 00:00:00.000+00,2022-06-14 00:00:00.000+00
1900,Title1900,Description1900,f,2022-06-14 00:00:00.000+00,2022-06-14 00:00:00.000+00
1901,Title1901,Description1901,f,2022-06-14 00:00:00.000+00,2022-06-14 00:00:00.000+00
1902,Title1902,Description1902,f,2022-06-14 00:00:00.000+00,2022-06-14 00:00:00.000+00
1903,Title1903,Description1903,f,2022-06-14 00:00:00.000+00,2022-06-14 00:00:00.000+00
1904,Title1904,Description1904,f,2022-06-14 00:00:00.000+00,2022-06-14 00:00:00.000+00
1905,Title1905,Description1905,f,2022-06-14 00:00:00.000+00,2022-06-14 00:00:00.000+00
1906,Title1906,Description1906,f,2022-06-14 00:00:00.000+00,2022-06-14 00:00:00.000+00
1907,Title1907,Description1907,f,2022-06-14 00:00:00.000+00,2022-06-14 00:00:00.000+00
1908,Title1908,Description1908,f,2022-06-14 00:00:00.000+00,2022-06-14 00:00:00.000+00
1909,Title1909,Description1909,f,2022-06-14 00:00:00.000+00,2022-06-14 00:00:00.000+00
1910,Title1910,Description1910,f,2022-06-14 00:00:00.000+00,2022-06-14 00:00:00.000+00
1911,Title1911,Description1911,f,2022-06-14 00:00:00.000+00,2022-06-14 00:00:00.000+00
1912,Title1912,Description1912,f,2022-06-14 00:00:00.000+00,2022-06-14 00:00:00.000+00
1913,Title1913,Description1913,f,2022-06-14 00:00:00.000+00,2022-06-14 00:00:00.000+00
1914,Title1914,Description1914,f,2022-06-14 00:00:00.000+00,2022-06-14 00:00:00.000+00
1915,Title1915,Description1915,f,2022-06-14 00:00:00.000+00,2022-06-14 00:00:00.000+00
1916,Title1916,Description1916,f,2022-06-14 00:00:00.000+00,2022-06-14 00:00:00.000+00
1917,Title1917,Description1917,f,2022-06-14 00:00:00.000+00,2022-06-14 00:00:00.000+00
1918,Title1918,Description1918,f,2022-06-14 00:00:00.000+00,2022-06-14 00:00:00.000+00
1919,Title1919,Description1919,f,2022-06-14 00:00:00.000+00,2022-06-14 00:00:00.000+00
1920,Title1920,Description1920,f,2022-06-14 00:00:00.000+00,2022-06-14 00:00:00.000+00
1921,Title1921,Description1921,f,2022-06-14 00:00:00.000+00,2022-06-14 00:00:00.000+00
1922,Title1922,Description1922,f,2022-06-14 00:00:00.000+00,2022-06-14 00:00:00.000+00
1923,Title1923,Description1923,f,2022-06-14 00:00:00.000+00,2022-06-14 00:00:00.000+00
1924,Title1924,Description1924,f,2022-06-14 00:00:00.000+00,2022-06-14 00:00:00.000+00
1925,Title1925,Description1925,f,2022-06-14 00:00:00.000+00,2022-06-14 00:00:00.000+00
1926,Title1926,Description1926,f,2022-06-14 00:00:00.000+00,2022-06-14 00:00:00.000+00
1927,Title1927,Description1927,f,2022-06-14 00:00:00.000+00,2022-06-14 00:00:00.000+00
1928,Title1928,Description1928,f,2022-06-14 00:00:00.000+00,2022-06-14 00:00:00.000+00
1929,Title1929,Description1929,f,2022-06-14 00:00:00.000+00,2022-06-14 00:00:00.000+00
1930,Title1930,Description1930,f,2022-06-14 00:00:00.000+00,2022-06-14 00:00:00.000+00
1931,Title1931,Description1931,f,2022-06-14 00:00:00.000+00,2022-06-14 00:00:00.000+00
1932,Title1932,Description1932,f,2022-06-14 00:00:00.000+00,2022-06-14 00:00:00.000+00
1933,Title1933,Description1933,f,2022-06-14 00:00:00.000+00,2022-06-14 00:00:00.000+00
1934,Title1934,Description1934,f,2022-06-14 00:00:00.000+00,2022-06-14 00:00:00.000+00
1935,Title1935,Description1935,f,2022-06-14 00:00:00.000+00,2022-06-14 00:00:00.000+00
1936,Title1936,Description1936,f,2022-06-14 00:00:00.000+00,2022-06-14 00:00:00.000+00
1937,Title1937,Description1937,f,2022-06-14 00:00:00.000+00,2022-06-14 00:00:00.000+00
1938,Title1938,Description1938,f,2022-06-14 00:00:00.000+00,2022-06-14 00:00:00.000+00
1939,Title1939,Description1939,f,2022-06-14 00:00:00.000+00,2022-06-14 00:00:00.000+00
1940,Title1940,Description1940,f,2022-06-14 00:00:00.000+00,2022-06-14 00:00:00.000+00
1941,Title1941,Description1941,f,2022-06-14 00:00:00.000+00,2022-06-14 00:00:00.000+00
1942,Title1942,Description1942,f,2022-06-14 00:00:00.000+00,2022-06-14 00:00:00.000+00
1943,Title1943,Description1943,f,2022-06-14 00:00:00.000+00,2022-06-14 00:00:00.000+00
1944,Title1944,Description1944,f,2022-06-14 00:00:00.000+00,2022-06-14 00:00:00.000+00
1945,Title1945,Description1945,f,2022-06-14 00:00:00.000+00,2022-06-14 00:00:00.000+00
1946,Title1946,Description1946,f,2022-06-14 00:00:00.000+00,2022-06-14 00:00:00.000+00
1947,Title1947,Description1947,f,2022-06-14 00:00:00.000+00,2022-06-14 00:00:00.000+00
1948,Title1948,Description1948,f,2022-06-14 00:00:00.000+00,2022-06-14 00:00:00.000+00
1949,Title1949,Description1949,f,2022-06-14 00:00:00.000+00,2022-06-14 00:00:00.000+00
1950,Title1950,Description1950,f,2022-06-14 00:00:00.000+00,2022-06-14 00:00:00.000+00
1951,Title1951,Description1951,f,2022-06-14 00:00:00.000+00,2022-06-14 00:00:00.000+00
1952,Title1952,Description1952,f,2022-06-14 00:00:00.000+00,2022-06-14 00:00:00.000+00
1953,Title1953,Description1953,f,2022-06-14 00:00:00.000+00,2022-06-14 00:00:00.000+00
1954,Title1954,Description1954,f,2022-06-14 00:00:00.000+00,2022-06-14 00:00:00.000+00
1955,Title1955,Description1955,f,2022-06-14 00:00:00.000+00,2022-06-14 00:00:00.000+00
1956,Title1956,Description1956,f,2022-06-14 00:00:00.000+00,2022-06-14 00:00:00.000+00
1957,Title1957,Description1957,f,2022-06-14 00:00:00.000+00,2022-06-14 00:00:00.000+00
1958,Title1958,Description1958,f,2022-06-14 00:00:00.000+00,2022-06-14 00:00:00.000+00
1959,Title1959,Description1959,f,2022-06-14 00:00:00.000+00,2022-06-14 00:00:00.000+00
1960,Title1960,Description1960,f,2022-06-14 00:00:00.000+00,2022-06-14 00:00:00.000+00
1961,Title1961,Description1961,f,2022-06-14 00:00:00.000+00,2022-06-14 00:00:00.000+00
1962,Title1962,Description1962,f,2022-06-14 00:00:00.000+00,2022-06-14 00:00:00.000+00
1963,Title1963,Description1963,f,2022-06-14 00:00:00.000+00,2022-06-14 00:00:00.000+00
1964,Title1964,Description1964,f,2022-06-14 00:00:00.000+00,2022-06-14 00:00:00.000+00
1965,Title1965,Description1965,f,2022-06-14 00:00:00.000+00,2022-06-14 00:00:00.000+00
1966,Title1966,Description1966,f,2022-06-14 00:00:00.000+00,2022-06-14 00:00:00.000+00
1967,Title1967,Description1967,f,2022-06-14 00:00:00.000+00,2022-06-14 00:00:00.000+00
1968,Title1968,Description1968,f,2022-06-14 00:00:00.000+00,2022-06-14 00:00:00.000+00
1969,Title1969,Description1969,f,2022-06-14 00:00:00.000+00,2022-06-14 00:00:00.000+00
1970,Title1970,Description1970,f,2022-06-14 00:00:00.000+00,2022-06-14 00:00:00.000+00
1971,Title1971,Description1971,f,2022-06-14 00:00:00.000+00,2022-06-14 00:00:00.000+00
1972,Title1972,Description1972,f,2022-06-14 00:00:00.000+00,2022-06-14 00:00:00.000+00
1973,Title1973,Description1973,f,2022-06-14 00:00:00.000+00,2022-06-14 00:00:00.000+00
1974,Title1974,Description1974,f,2022-06-14 00:00:00.000+00,2022-06-14 00:00:00.000+00
1975,Title1975,Description1975,f,2022-06-14 00:00:00.000+00,2022-06-14 00:00:00.000+00
1976,Title1976,Description1976,f,2022-06-14 00:00:00.000+00,2022-06-14 00:00:00.000+00
1977,Title1977,Description1977,f,2022-06-14 00:00:00.000+00,2022-06-14 00:00:00.000+00
1978,Title1978,Description1978,f,2022-06-14 00:00:00.000+00,2022-06-14 00:00:00.000+00
1979,Title1979,Description1979,f,2022-06-14 00:00:00.000+00,2022-06-14 00:00:00.000+00
1980,Title1980,Description1980,f,2022-06-14 00:00:00.000+00,2022-06-14 00:00:00.000+00
1981,Title1981,Description1981,f,2022-06-14 00:00:00.000+00,2022-06-14 00:00:00.000+00
1982,Title1982,Description1982,f,2022-06-14 00:00:00.000+00,2022-06-14 00:00:00.000+00
1983,Title1983,Description1983,f,2022-06-14 00:00:00.000+00,2022-06-14 00:00:00.000+00
1984,Title1984,Description1984,f,2022-06-14 00:00:00.000+00,2022-06-14 00:00:00.000+00
1985,Title1985,Description1985,f,2022-06-14 00:00:00.000+00,2022-06-14 00:00:00.000+00
1986,Title1986,Description1986,f,2022-06-14 00:00:00.000+00,2022-06-14 00:00:00.000+00
1987,Title1987,Description1987,f,2022-06-14 00:00:00.000+00,2022-06-14 00:00:00.000+00
1988,Title1988,Description1988,f,2022-06-14 00:00:00.000+00,2022-06-14 00:00:00.000+00
1989,Title1989,Description1989,f,2022-06-14 00:00:00.000+00,2022-06-14 00:00:00.000+00
1990,Title1990,Description1990,f,2022-06-14 00:00:00.000+00,2022-06-14 00:00:00.000+00
1991,Title1991,Description1991,f,2022-06-14 00:00:00.000+00,2022-06-14 00:00:00.000+00
1992,Title1992,Description1992,f,2022-06-14 00:00:00.000+00,2022-06-14 00:00:00.000+00
1993,Title1993,Description1993,f,2022-06-14 00:00:00.000+00,2022-06-14 00:00:00.000+00
1994,Title1994,Description1994,f,2022-06-14 00:00:00.000+00,2022-06-14 00:00:00.000+00
1995,Title1995,Description1995,f,2022-06-14 00:00:00.000+00,2022-06-14 00:00:00.000+00
1996,Title1996,Description1996,f,2022-06-14 00:00:00.000+00,2022-06-14 00:00:00.000+00
1997,Title1997,Description1997,f,2022-06-14 00:00:00.000+00,2022-06-14 00:00:00.000+00
1998,Title1998,Description1998,f,2022-06-14 00:00:00.000+00,2022-06-14 00:00:00.000+00
1999,Title1999,Description1999,f,2022-06-14 00:00:00.000+00,2022-06-14 00:00:00.000+00